-- --------------------------------------------------------
-- 主机:                           127.0.0.1
-- 服务器版本:                        5.5.53 - MySQL Community Server (GPL)
-- 服务器操作系统:                      Win32
-- HeidiSQL 版本:                  8.2.0.4675
-- --------------------------------------------------------

/*!40101 SET @OLD_CHARACTER_SET_CLIENT=@@CHARACTER_SET_CLIENT */;
/*!40101 SET NAMES utf8 */;
/*!40014 SET @OLD_FOREIGN_KEY_CHECKS=@@FOREIGN_KEY_CHECKS, FOREIGN_KEY_CHECKS=0 */;
/*!40101 SET @OLD_SQL_MODE=@@SQL_MODE, SQL_MODE='NO_AUTO_VALUE_ON_ZERO' */;

-- 导出  表 bh_exchange.t_add_money_log 结构
CREATE TABLE IF NOT EXISTS `t_add_money_log` (
  `id` int(11) NOT NULL AUTO_INCREMENT,
  `admin_id` int(11) DEFAULT NULL COMMENT '被上账管理员id',
  `op_id` int(11) DEFAULT NULL COMMENT '上账管理员id',
  `money` float(8,2) DEFAULT NULL COMMENT '上账金额',
  `add_time` datetime DEFAULT NULL COMMENT '上账时间',
  `remark` varchar(1000) DEFAULT NULL COMMENT '备注',
  PRIMARY KEY (`id`)
) ENGINE=MyISAM DEFAULT CHARSET=utf8 COMMENT='管理员手动上账记录日志表';

-- 正在导出表  bh_exchange.t_add_money_log 的数据：0 rows
/*!40000 ALTER TABLE `t_add_money_log` DISABLE KEYS */;
/*!40000 ALTER TABLE `t_add_money_log` ENABLE KEYS */;


-- 导出  表 bh_exchange.t_admin 结构
CREATE TABLE IF NOT EXISTS `t_admin` (
  `id` int(11) NOT NULL AUTO_INCREMENT COMMENT '编号id',
  `username` varchar(50) DEFAULT NULL COMMENT '用户名',
  `password` varchar(50) DEFAULT NULL COMMENT '密码',
  `realname` varchar(20) DEFAULT NULL COMMENT '真实名称',
  `phone` varchar(20) DEFAULT NULL COMMENT '手机号',
  `level` varchar(20) DEFAULT NULL COMMENT '用户代理等级,1,交易所，2运营中心，3综合会员，4微圈代理',
  `money` decimal(20,2) DEFAULT '0.00' COMMENT '账户余额',
  `back_ratio` float(8,2) NOT NULL DEFAULT '0.00' COMMENT '手续费返佣比例',
  `red_ratio` float(8,2) NOT NULL DEFAULT '0.00' COMMENT '红利返佣比例',
  `company_name` varchar(100) DEFAULT NULL COMMENT '公司名称',
  `company_lead` varchar(50) DEFAULT NULL COMMENT '公司负责人',
  `company_phone` varchar(50) DEFAULT NULL COMMENT '公司负责人电话',
  `company_tel` varchar(50) DEFAULT NULL COMMENT '公司固定电话',
  `company_address` varchar(100) DEFAULT NULL COMMENT '公司地址',
  `parent_id` int(50) DEFAULT NULL COMMENT '所属ID',
  `last_login_time` datetime DEFAULT NULL COMMENT '最后登录时间',
  `last_login_ip` varchar(30) DEFAULT NULL COMMENT '最后登录IP',
  `status` smallint(6) DEFAULT '1' COMMENT '状态：0：禁用，1启用',
  `add_time` datetime DEFAULT NULL COMMENT '添加时间',
  PRIMARY KEY (`id`)
) ENGINE=MyISAM AUTO_INCREMENT=17 DEFAULT CHARSET=utf8 COMMENT='管理员表';

-- 正在导出表  bh_exchange.t_admin 的数据：16 rows
/*!40000 ALTER TABLE `t_admin` DISABLE KEYS */;
INSERT INTO `t_admin` (`id`, `username`, `password`, `realname`, `phone`, `level`, `money`, `back_ratio`, `red_ratio`, `company_name`, `company_lead`, `company_phone`, `company_tel`, `company_address`, `parent_id`, `last_login_time`, `last_login_ip`, `status`, `add_time`) VALUES
	(1, '1', NULL, NULL, NULL, NULL, 0.00, 0.00, 0.00, NULL, NULL, NULL, NULL, NULL, NULL, NULL, NULL, 1, '2018-03-20 00:00:00'),
	(2, '2', NULL, NULL, NULL, NULL, 0.00, 0.00, 0.00, NULL, NULL, NULL, NULL, NULL, NULL, NULL, NULL, 1, '2018-03-22 14:26:00'),
	(3, '3', NULL, NULL, NULL, NULL, 0.00, 0.00, 0.00, NULL, NULL, NULL, NULL, NULL, NULL, NULL, NULL, 1, '2018-03-22 14:26:01'),
	(4, '4', NULL, NULL, NULL, NULL, 0.00, 0.00, 0.00, NULL, NULL, NULL, NULL, NULL, NULL, NULL, NULL, 1, '2018-03-22 14:26:02'),
	(5, '5', NULL, NULL, NULL, NULL, 0.00, 0.00, 0.00, NULL, NULL, NULL, NULL, NULL, NULL, NULL, NULL, 1, '2018-03-22 14:26:03'),
	(6, '6', NULL, NULL, NULL, NULL, 0.00, 0.00, 0.00, NULL, NULL, NULL, NULL, NULL, NULL, NULL, NULL, 1, '2018-03-22 14:26:04'),
	(7, '7', NULL, NULL, NULL, NULL, 0.00, 0.00, 0.00, NULL, NULL, NULL, NULL, NULL, NULL, NULL, NULL, 1, '2018-03-22 14:26:06'),
	(8, '8', NULL, NULL, NULL, NULL, 0.00, 0.00, 0.00, NULL, NULL, NULL, NULL, NULL, NULL, NULL, NULL, 1, NULL),
	(9, '9', NULL, NULL, NULL, NULL, 0.00, 0.00, 0.00, NULL, NULL, NULL, NULL, NULL, NULL, NULL, NULL, 1, NULL),
	(10, '10', NULL, NULL, NULL, NULL, 0.00, 0.00, 0.00, NULL, NULL, NULL, NULL, NULL, NULL, NULL, NULL, 1, NULL),
	(11, '11', NULL, NULL, NULL, NULL, 0.00, 0.00, 0.00, NULL, NULL, NULL, NULL, NULL, NULL, NULL, NULL, 1, NULL),
	(12, '12', NULL, NULL, NULL, NULL, 0.00, 0.00, 0.00, NULL, NULL, NULL, NULL, NULL, NULL, NULL, NULL, 1, NULL),
	(13, '13', NULL, NULL, NULL, NULL, 0.00, 0.00, 0.00, NULL, NULL, NULL, NULL, NULL, NULL, NULL, NULL, 1, NULL),
	(14, '14', NULL, NULL, NULL, NULL, 0.00, 0.00, 0.00, NULL, NULL, NULL, NULL, NULL, NULL, NULL, NULL, 1, NULL),
	(15, '15', NULL, NULL, NULL, NULL, 0.00, 0.00, 0.00, NULL, NULL, NULL, NULL, NULL, NULL, NULL, NULL, 1, NULL),
	(16, '16', NULL, NULL, NULL, NULL, 0.00, 0.00, 0.00, NULL, NULL, NULL, NULL, NULL, NULL, NULL, NULL, 1, NULL),
	(17, '1', NULL, NULL, NULL, NULL, 0.00, 0.00, 0.00, NULL, NULL, NULL, NULL, NULL, NULL, NULL, NULL, 1, '2018-03-20 00:00:00'),
	(18, '11', '11', '11', '18888888881', NULL, 0.00, 0.00, 0.00, NULL, NULL, '', '', '', NULL, NULL, NULL, 1, '2018-03-22 19:51:10'),
	(19, '22', '22', '22', '18888888881', NULL, 0.00, 0.00, 0.00, NULL, NULL, '', '', '', NULL, NULL, NULL, 1, '2018-03-22 19:53:08'),
	(20, '22', '22', '22', '18888888881', NULL, 0.00, 0.00, 0.00, NULL, NULL, '', '', '', NULL, NULL, NULL, 1, '2018-03-22 19:56:51'),
	(21, '122', '11', '121', '18888888881', NULL, 0.00, 0.00, 0.00, NULL, NULL, '', '', '', NULL, NULL, NULL, 1, '2018-03-22 19:58:51'),
	(22, '223', '11', '2323', '18888888881', NULL, 0.00, 0.00, 0.00, NULL, NULL, '', '', '', NULL, NULL, NULL, 1, '2018-03-22 20:00:13'),
	(23, '11', '11', '11', '18888888881', NULL, 0.00, 0.00, 0.00, NULL, NULL, '', '', '', NULL, NULL, NULL, 1, '2018-03-22 20:04:19'),
	(24, '11', '11', '11', '18888888881', NULL, 0.00, 0.00, 0.00, NULL, NULL, '', '', '', NULL, NULL, NULL, 1, '2018-03-22 20:04:56'),
	(25, '11', '11', '11', '18888888881', NULL, 0.00, 0.00, 0.00, NULL, NULL, '', '', '', NULL, NULL, NULL, 1, '2018-03-22 20:05:52'),
	(26, '11', '11', '11', '18888888881', NULL, 0.00, 0.00, 0.00, NULL, NULL, '', '', '', NULL, NULL, NULL, 1, '2018-03-22 20:06:35'),
	(27, '11', '11', '11', '18888888881', NULL, 0.00, 0.00, 0.00, NULL, NULL, '', '', '', NULL, NULL, NULL, 1, '2018-03-22 20:08:59'),
	(28, '11', '11', '11', '18888888881', NULL, 0.00, 0.00, 0.00, NULL, NULL, '', '', '', NULL, NULL, NULL, 1, '2018-03-22 20:12:20'),
	(29, '11', '11', '11', '18888888881', NULL, 0.00, 0.00, 0.00, NULL, NULL, '', '', '', NULL, NULL, NULL, 1, '2018-03-22 20:17:51'),
	(30, '11', '11', '11', '18888888881', NULL, 0.00, 0.00, 0.00, NULL, NULL, '', '', '', NULL, NULL, NULL, 1, '2018-03-22 20:21:40'),
	(31, '11', '11', '11', '18888888881', NULL, 0.00, 0.00, 0.00, NULL, NULL, '', '', '', NULL, NULL, NULL, 1, '2018-03-22 20:22:53'),
	(32, '11', '11', '11', '18888888881', NULL, 0.00, 0.00, 0.00, NULL, NULL, '', '', '', NULL, NULL, NULL, 1, '2018-03-22 20:23:28'),
	(33, '11', '11', '11', '18888888881', NULL, 0.00, 0.00, 0.00, NULL, NULL, '', '', '', NULL, NULL, NULL, 1, '2018-03-22 20:25:56'),
	(34, '11', '11', '11', '18888888881', NULL, 0.00, 0.00, 0.00, NULL, NULL, '', '', '', NULL, NULL, NULL, 1, '2018-03-22 20:30:11'),
	(35, '11', '11', '11', '18888888881', NULL, 0.00, 0.00, 0.00, NULL, NULL, '', '', '', NULL, NULL, NULL, 1, '2018-03-22 20:31:29'),
	(36, '11', '11', '11', '18888888881', NULL, 0.00, 0.00, 0.00, NULL, NULL, '', '', '', NULL, NULL, NULL, 1, '2018-03-22 20:32:02'),
	(37, '11', '11', '11', '18888888881', NULL, 0.00, 0.00, 0.00, NULL, NULL, '', '', '', NULL, NULL, NULL, 1, '2018-03-22 20:32:55'),
	(38, '112', '11', '11', '18888888881', NULL, 0.00, 0.00, 0.00, NULL, NULL, '', '', '', NULL, NULL, NULL, 1, '2018-03-22 20:57:49');
/*!40000 ALTER TABLE `t_admin` ENABLE KEYS */;


-- 导出  表 bh_exchange.t_admin_bank 结构
CREATE TABLE IF NOT EXISTS `t_admin_bank` (
  `bank_id` int(11) NOT NULL AUTO_INCREMENT COMMENT '编号',
  `admin_id` int(11) DEFAULT '0' COMMENT '代理id',
  `account_no` varchar(50) DEFAULT NULL COMMENT '银行卡卡号',
  `account_name` varchar(50) DEFAULT NULL COMMENT '银行卡户主姓名',
  `bank_name` varchar(50) DEFAULT NULL COMMENT '银行名称',
  `bank_phone` varchar(15) DEFAULT NULL COMMENT '银行卡预留手机号',
  `bank_idcard` varchar(30) DEFAULT NULL COMMENT '银行卡预留身份证号',
  `bank_flag` tinyint(4) DEFAULT '1' COMMENT '是否默认，1非默认，2默认',
  PRIMARY KEY (`bank_id`)
) ENGINE=MyISAM DEFAULT CHARSET=utf8 COMMENT='代理绑定银行卡表';

-- 正在导出表  bh_exchange.t_admin_bank 的数据：0 rows
/*!40000 ALTER TABLE `t_admin_bank` DISABLE KEYS */;
/*!40000 ALTER TABLE `t_admin_bank` ENABLE KEYS */;


-- 导出  表 bh_exchange.t_admin_copy 结构
CREATE TABLE IF NOT EXISTS `t_admin_copy` (
  `id` int(11) NOT NULL AUTO_INCREMENT COMMENT '编号id',
  `username` varchar(50) DEFAULT NULL COMMENT '用户名',
  `password` varchar(50) DEFAULT NULL COMMENT '密码',
  `realname` varchar(20) DEFAULT NULL COMMENT '真实名称',
  `phone` varchar(20) DEFAULT NULL COMMENT '手机号',
  `lelevl` varchar(20) DEFAULT NULL COMMENT '用户代理等级,1,交易所，2运营中心，3综合会员，4微圈代理',
  `money` decimal(20,2) DEFAULT '0.00' COMMENT '账户余额',
  `back_ratio` float(8,2) NOT NULL DEFAULT '0.00' COMMENT '手续费返佣比例',
  `red_ratio` float(8,2) NOT NULL DEFAULT '0.00' COMMENT '红利返佣比例',
  `company_name` varchar(100) DEFAULT NULL COMMENT '公司名称',
  `company_lead` varchar(50) DEFAULT NULL COMMENT '公司负责人',
  `company_phone` varchar(50) DEFAULT NULL COMMENT '公司负责人电话',
  `company_tel` varchar(50) DEFAULT NULL COMMENT '公司固定电话',
  `company_address` varchar(100) DEFAULT NULL COMMENT '公司地址',
  `parent_id` int(50) DEFAULT NULL COMMENT '所属ID',
  `last_login_time` int(11) DEFAULT NULL COMMENT '最后登录时间',
  `last_login_ip` varchar(30) DEFAULT NULL COMMENT '最后登录IP',
  `status` enum('0','1') DEFAULT '1' COMMENT '状态：0：禁用，1启用',
  `add_time` int(11) DEFAULT '0' COMMENT '添加时间',
  PRIMARY KEY (`id`)
) ENGINE=MyISAM AUTO_INCREMENT=163 DEFAULT CHARSET=utf8 ROW_FORMAT=DYNAMIC COMMENT='管理员表';

-- 正在导出表  bh_exchange.t_admin_copy 的数据：6 rows
/*!40000 ALTER TABLE `t_admin_copy` DISABLE KEYS */;
INSERT INTO `t_admin_copy` (`id`, `username`, `password`, `realname`, `phone`, `lelevl`, `money`, `back_ratio`, `red_ratio`, `company_name`, `company_lead`, `company_phone`, `company_tel`, `company_address`, `parent_id`, `last_login_time`, `last_login_ip`, `status`, `add_time`) VALUES
	(2, 'admin', 'e10adc3949ba59abbe56e057f20f883e', '交易所', '13193312605', '1', 0.00, 0.00, 0.00, NULL, NULL, NULL, NULL, NULL, 0, 1521527318, '61.148.245.23', '1', 1505199363),
	(158, '3', NULL, NULL, NULL, NULL, 0.00, 0.00, 0.00, NULL, NULL, NULL, NULL, NULL, NULL, NULL, NULL, '1', 0),
	(159, '都是', NULL, NULL, NULL, NULL, 0.00, 0.00, 0.00, NULL, NULL, NULL, NULL, NULL, NULL, NULL, NULL, '1', 0),
	(160, '大幅度发', NULL, NULL, NULL, NULL, 0.00, 0.00, 0.00, NULL, NULL, NULL, NULL, NULL, NULL, NULL, NULL, '1', 0),
	(161, '水电费水电费', NULL, NULL, NULL, NULL, 0.00, 0.00, 0.00, NULL, NULL, NULL, NULL, NULL, NULL, NULL, NULL, '1', 0),
	(162, '日日日', NULL, NULL, NULL, NULL, 0.00, 0.00, 0.00, NULL, NULL, NULL, NULL, NULL, NULL, NULL, NULL, '1', 0);
/*!40000 ALTER TABLE `t_admin_copy` ENABLE KEYS */;


-- 导出  表 bh_exchange.t_admin_log 结构
CREATE TABLE IF NOT EXISTS `t_admin_log` (
  `login_id` bigint(20) NOT NULL AUTO_INCREMENT COMMENT '编号id',
  `username` varchar(50) DEFAULT NULL COMMENT '用户名',
  `type` varchar(50) DEFAULT NULL COMMENT '操作控制器',
  `is_flag` smallint(4) DEFAULT NULL COMMENT '是否成功 1 ：成功 0： 失败',
  `remark` varchar(255) DEFAULT NULL COMMENT '备注',
  `ip` varchar(100) DEFAULT NULL COMMENT 'IP',
  `time` int(11) DEFAULT '0' COMMENT '添加时间',
  PRIMARY KEY (`login_id`)
) ENGINE=MyISAM AUTO_INCREMENT=275 DEFAULT CHARSET=utf8 COMMENT='管理员操作记录表';

-- 正在导出表  bh_exchange.t_admin_log 的数据：274 rows
/*!40000 ALTER TABLE `t_admin_log` DISABLE KEYS */;
INSERT INTO `t_admin_log` (`login_id`, `username`, `type`, `is_flag`, `remark`, `ip`, `time`) VALUES
	(1, 'demo', '登录', 1, 'demo登录成功', '127.0.0.1', 1520822072),
	(2, 'admin', '登录', 1, 'admin登录成功', '127.0.0.1', 1520836468),
	(3, 'admin', '登录', 1, 'admin登录成功', '127.0.0.1', 1520904193),
	(4, 'admin', '登录', 1, 'admin登录成功', '127.0.0.1', 1521011438),
	(5, 'admin', '登录', 1, 'admin登录成功', '127.0.0.1', 1521097455),
	(6, 'admin', '登录', 1, 'admin登录成功', '127.0.0.1', 1521166367),
	(7, 'admin', '登录', 1, 'admin登录成功', '1.86.243.77', 1521183234),
	(8, 'admin', '登录', 1, 'admin登录成功', '1.86.243.77', 1521184472),
	(9, 'admin', '登录', 1, 'admin登录成功', '1.86.243.77', 1521192803),
	(10, 'jiesuan', '登录', 1, 'jiesuan登录成功', '1.86.243.178', 1521198823),
	(11, 'admin', '登录', 1, 'admin登录成功', '1.86.243.178', 1521199145),
	(12, 'jiesuan', '登录', 1, 'jiesuan登录成功', '1.86.243.178', 1521199413),
	(13, 'zonghui', '登录', 1, 'zonghui登录成功', '1.86.243.178', 1521199453),
	(14, 'admin', '登录', 1, 'admin登录成功', '1.86.243.178', 1521199494),
	(15, 'daili', '登录', 1, 'daili登录成功', '1.86.243.178', 1521199685),
	(16, 'admin', '登录', 1, 'admin登录成功', '1.86.243.178', 1521199963),
	(17, 'admin', '登录', 1, 'admin登录成功', '1.86.243.178', 1521200018),
	(18, 'admin', '登录', 1, 'admin登录成功', '117.136.86.21', 1521200329),
	(19, 'admin', '登录', 1, 'admin登录成功', '61.158.147.53', 1521221076),
	(20, '888888', '登录', 1, '888888登录成功', '61.158.147.53', 1521221876),
	(21, '8888881', '登录', 1, '8888881登录成功', '61.158.147.53', 1521221938),
	(22, '8888882', '登录', 1, '8888882登录成功', '61.158.147.53', 1521221998),
	(23, 'admin', '登录', 1, 'admin登录成功', '61.158.147.53', 1521222153),
	(24, '888888', '登录', 1, '888888登录成功', '61.158.147.53', 1521222343),
	(25, '8888882', '登录', 1, '8888882登录成功', '61.158.147.53', 1521222407),
	(26, 'admin', '登录', 1, 'admin登录成功', '61.158.147.53', 1521222474),
	(27, 'admin', '登录', 1, 'admin登录成功', '117.136.86.21', 1521255959),
	(28, 'aw006', '登录', 1, 'aw006登录成功', '113.57.250.144', 1521257925),
	(29, 'aw001', '登录', 1, 'aw001登录成功', '123.151.77.71', 1521258116),
	(30, 'aw005', '登录', 1, 'aw005登录成功', '223.104.31.19', 1521262870),
	(31, 'aw002', '登录', 1, 'aw002登录成功', '61.184.218.75', 1521269968),
	(32, 'aw005', '登录', 1, 'aw005登录成功', '223.104.31.19', 1521275718),
	(33, 'admin', '登录', 1, 'admin登录成功', '1.86.241.111', 1521295036),
	(34, 'aw001', '登录', 1, 'aw001登录成功', '183.3.255.28', 1521348143),
	(35, 'aw006', '登录', 1, 'aw006登录成功', '27.25.51.43', 1521424348),
	(36, 'admin', '登录', 1, 'admin登录成功', '223.104.11.20', 1521424469),
	(37, 'admin', '登录', 1, 'admin登录成功', '1.80.138.121', 1521427231),
	(38, 'admin', '登录', 1, 'admin登录成功', '1.80.138.121', 1521428263),
	(39, 'aw005', '登录', 0, 'aw005用户登录失败[密码错误]', '106.6.79.131', 1521428462),
	(40, 'aw005', '登录', 1, 'aw005登录成功', '106.6.79.131', 1521428476),
	(41, 'zc001', '登录', 1, 'zc001登录成功', '106.6.79.131', 1521429528),
	(42, 'aw002', '登录', 1, 'aw002登录成功', '221.234.72.90', 1521438151),
	(43, 'zb2018', '登录', 1, 'zb2018登录成功', '221.234.72.90', 1521438573),
	(44, 'aw003', '登录', 1, 'aw003登录成功', '221.234.72.90', 1521438846),
	(45, 'admin', '登录', 1, 'admin登录成功', '1.80.138.121', 1521446069),
	(46, '8888881', '登录', 0, '8888881用户登录失败[密码错误]', '1.80.138.121', 1521446690),
	(47, 'admin', '登录', 1, 'admin登录成功', '1.80.138.121', 1521446697),
	(48, 'daili001', '登录', 1, 'daili001登录成功', '1.80.138.121', 1521446722),
	(49, 'admin', '登录', 1, 'admin登录成功', '1.80.138.121', 1521447068),
	(50, 'lulu2018', '登录', 1, 'lulu2018登录成功', '1.80.138.121', 1521447184),
	(51, 'admin', '登录', 1, 'admin登录成功', '1.80.138.121', 1521447229),
	(52, 'admin', '登录', 1, 'admin登录成功', '1.80.138.121', 1521447476),
	(53, 'aw002', '登录', 1, 'aw002登录成功', '221.234.72.90', 1521450386),
	(54, 'admin', '登录', 1, 'admin登录成功', '1.80.139.50', 1521453451),
	(55, 'Admin', '登录', 1, 'Admin登录成功', '61.158.146.32', 1521454162),
	(56, 'Aw001', '登录', 1, 'Aw001登录成功', '61.158.146.32', 1521454351),
	(57, '888888', '登录', 1, '888888登录成功', '61.158.146.32', 1521454536),
	(58, '88888888', '登录', 1, '88888888登录成功', '61.158.146.32', 1521454602),
	(59, 'Admin', '登录', 1, 'Admin登录成功', '61.158.146.32', 1521455731),
	(60, '888666', '登录', 1, '888666登录成功', '61.158.146.32', 1521457131),
	(61, '123456', '登录', 1, '123456登录成功', '61.158.146.32', 1521457235),
	(62, '666888', '登录', 1, '666888登录成功', '61.158.146.32', 1521457297),
	(63, 'Admin', '登录', 1, 'Admin登录成功', '61.158.146.32', 1521457359),
	(64, '888666', '登录', 1, '888666登录成功', '61.158.146.32', 1521457769),
	(65, 'Admin', '登录', 1, 'Admin登录成功', '61.158.146.32', 1521457839),
	(66, 'admin', '登录', 1, 'admin登录成功', '61.158.146.32', 1521458227),
	(67, 'aw105', '登录', 1, 'aw105登录成功', '106.6.79.131', 1521458449),
	(68, 'liaozong', '登录', 1, 'liaozong登录成功', '115.148.69.105', 1521458875),
	(69, 'aw105', '登录', 1, 'aw105登录成功', '106.6.79.131', 1521458883),
	(70, 'xiaozong', '登录', 1, 'xiaozong登录成功', '49.211.224.103', 1521459072),
	(71, '123456', '登录', 1, '123456登录成功', '1.80.139.50', 1521459093),
	(72, 'xiangzong', '登录', 1, 'xiangzong登录成功', '125.126.220.96', 1521459330),
	(73, 'liaozong', '登录', 1, 'liaozong登录成功', '115.148.69.105', 1521459349),
	(74, 'xiaozong', '登录', 1, 'xiaozong登录成功', '49.211.224.103', 1521459379),
	(75, 'liaozong123', '登录', 1, 'liaozong123登录成功', '49.211.224.103', 1521459404),
	(76, 'xiangzong', '登录', 1, 'xiangzong登录成功', '125.126.220.96', 1521459408),
	(77, 'liaotian', '登录', 1, 'liaotian登录成功', '115.148.69.105', 1521459525),
	(78, 'liaozong', '登录', 1, 'liaozong登录成功', '115.148.69.105', 1521459627),
	(79, 'liaotian', '登录', 1, 'liaotian登录成功', '115.148.69.105', 1521459863),
	(80, 'xiaozong', '登录', 1, 'xiaozong登录成功', '49.211.224.103', 1521459888),
	(81, 'liaozong', '登录', 1, 'liaozong登录成功', '115.148.69.105', 1521459960),
	(82, 'huanglong', '登录', 1, 'huanglong登录成功', '115.148.69.105', 1521460122),
	(83, 'aw001', '登录', 1, 'aw001登录成功', '14.116.133.169', 1521460142),
	(84, 'xiangzong', '登录', 1, 'xiangzong登录成功', '125.126.220.96', 1521460320),
	(85, 'yanglei', '登录', 1, 'yanglei登录成功', '115.148.69.105', 1521460497),
	(86, 'wenaibing', '登录', 1, 'wenaibing登录成功', '115.148.69.105', 1521460504),
	(87, 'wuqiang', '登录', 1, 'wuqiang登录成功', '115.148.69.105', 1521460513),
	(88, 'chenhongyi', '登录', 1, 'chenhongyi登录成功', '115.148.69.105', 1521460525),
	(89, 'xiangzong', '登录', 1, 'xiangzong登录成功', '125.126.220.96', 1521460534),
	(90, 'huangzhong', '登录', 0, 'huangzhong用户登录失败[密码错误]', '115.148.69.105', 1521460562),
	(91, 'huangzhong', '登录', 1, 'huangzhong登录成功', '115.148.69.105', 1521460574),
	(92, 'linyuhang', '登录', 0, 'linyuhang用户登录失败[密码错误]', '106.6.79.131', 1521460584),
	(93, 'suchao', '登录', 1, 'suchao登录成功', '106.6.79.131', 1521460597),
	(94, 'huanglong', '登录', 1, 'huanglong登录成功', '115.148.69.105', 1521460597),
	(95, 'linyuhang', '登录', 1, 'linyuhang登录成功', '106.6.79.131', 1521460602),
	(96, 'chenhongyi', '登录', 1, 'chenhongyi登录成功', '115.148.69.105', 1521460648),
	(97, 'linyuhang', '登录', 1, 'linyuhang登录成功', '106.6.79.131', 1521460649),
	(98, 'liaozong', '登录', 1, 'liaozong登录成功', '115.148.69.105', 1521460854),
	(99, 'yanglei', '登录', 1, 'yanglei登录成功', '115.148.69.105', 1521460963),
	(100, 'daye', '登录', 1, 'daye登录成功', '106.6.79.131', 1521461041),
	(101, 'wuqiang', '登录', 0, 'wuqiang用户登录失败[密码错误]', '115.148.69.105', 1521461155),
	(102, 'wuqiang', '登录', 1, 'wuqiang登录成功', '115.148.69.105', 1521461169),
	(103, 'linyuhang', '登录', 1, 'linyuhang登录成功', '106.6.79.131', 1521461409),
	(104, 'kang6888', '登录', 0, 'kang6888用户登录失败[密码错误]', '106.6.79.131', 1521461438),
	(105, 'kang6888', '登录', 1, 'kang6888登录成功', '106.6.79.131', 1521461453),
	(106, 'suchao', '登录', 1, 'suchao登录成功', '106.6.79.131', 1521461659),
	(107, 'suchao1', '登录', 1, 'suchao1登录成功', '106.6.79.131', 1521461835),
	(108, 'linyuhang', '登录', 1, 'linyuhang登录成功', '106.6.79.131', 1521463009),
	(109, 'aw001', '登录', 1, 'aw001登录成功', '14.116.133.169', 1521463181),
	(110, 'admin', '登录', 1, 'admin登录成功', '61.158.149.240', 1521463414),
	(111, 'aw001', '登录', 1, 'aw001登录成功', '39.169.166.79', 1521463696),
	(112, 'aw001', '登录', 1, 'aw001登录成功', '14.116.137.167', 1521464165),
	(113, '88888888', '登录', 1, '88888888登录成功', '61.158.149.240', 1521465226),
	(114, 'admin', '登录', 1, 'admin登录成功', '1.80.139.50', 1521465373),
	(115, 'admin', '登录', 1, 'admin登录成功', '61.158.149.240', 1521466699),
	(116, 'admin', '登录', 1, 'admin登录成功', '61.158.149.240', 1521466950),
	(117, '888888', '登录', 1, '888888登录成功', '61.158.149.240', 1521466972),
	(118, 'admin', '登录', 1, 'admin登录成功', '61.158.149.240', 1521467277),
	(119, 'aw105', '登录', 1, 'aw105登录成功', '106.6.79.131', 1521467602),
	(120, 'aw002', '登录', 0, 'aw002用户登录失败[密码错误]', '116.210.64.11', 1521468547),
	(121, 'aw002', '登录', 1, 'aw002登录成功', '116.210.64.11', 1521468555),
	(122, 'aw002', '登录', 1, 'aw002登录成功', '116.210.64.11', 1521468873),
	(123, 'yy2018', '登录', 1, 'yy2018登录成功', '113.57.246.46', 1521469091),
	(124, 'tx2018', '登录', 1, 'tx2018登录成功', '119.103.214.26', 1521469284),
	(125, 'Aw001', '登录', 1, 'Aw001登录成功', '61.158.149.240', 1521469903),
	(126, 'admin', '登录', 1, 'admin登录成功', '61.158.149.240', 1521470303),
	(127, 'admin', '登录', 1, 'admin登录成功', '61.158.149.240', 1521470620),
	(128, '888666', '登录', 1, '888666登录成功', '61.158.149.240', 1521470976),
	(129, '888888', '登录', 1, '888888登录成功', '61.158.149.240', 1521471024),
	(130, 'LULU2018', '登录', 1, 'LULU2018登录成功', '171.115.148.130', 1521471208),
	(131, '15027214197', '登录', 1, '15027214197登录成功', '171.115.148.130', 1521471794),
	(132, 'LULU2018', '登录', 1, 'LULU2018登录成功', '171.115.148.130', 1521471874),
	(133, '17371832579', '登录', 1, '17371832579登录成功', '116.209.205.217', 1521472825),
	(134, '15172938282', '登录', 1, '15172938282登录成功', '61.129.8.203', 1521472914),
	(135, '13235455616', '登录', 1, '13235455616登录成功', '61.151.178.168', 1521473510),
	(136, 'aw001', '登录', 1, 'aw001登录成功', '39.169.166.201', 1521473517),
	(137, '15171061205', '登录', 1, '15171061205登录成功', '101.226.225.84', 1521473581),
	(138, '13235455616', '登录', 1, '13235455616登录成功', '61.151.178.171', 1521473697),
	(139, '15027214197', '登录', 1, '15027214197登录成功', '171.115.148.130', 1521473803),
	(140, 'lulu2018', '登录', 1, 'lulu2018登录成功', '171.115.148.130', 1521473955),
	(141, '15027214197', '登录', 1, '15027214197登录成功', '171.115.148.130', 1521474344),
	(142, '18672040464', '登录', 1, '18672040464登录成功', '113.57.246.175', 1521474373),
	(143, 'lulu2018', '登录', 1, 'lulu2018登录成功', '171.115.148.130', 1521474448),
	(144, '15907171431', '登录', 1, '15907171431登录成功', '223.167.152.125', 1521475173),
	(145, '13135697405', '登录', 1, '13135697405登录成功', '113.57.183.133', 1521475460),
	(146, 'aw001', '登录', 1, 'aw001登录成功', '43.246.231.171', 1521507760),
	(147, 'liaozong', '登录', 1, 'liaozong登录成功', '182.98.36.97', 1521508686),
	(148, 'lxc2018', '登录', 1, 'lxc2018登录成功', '116.210.81.242', 1521508892),
	(149, 'admin', '登录', 1, 'admin登录成功', '1.80.139.50', 1521509375),
	(150, 'admin', '登录', 1, 'admin登录成功', '61.158.149.225', 1521509418),
	(151, 'yml888', '登录', 1, 'yml888登录成功', '116.210.81.242', 1521509687),
	(152, 'lxc2018', '登录', 1, 'lxc2018登录成功', '116.210.81.242', 1521509834),
	(153, '18963908925', '登录', 1, '18963908925登录成功', '27.30.125.13', 1521509932),
	(154, '15172938282', '登录', 1, '15172938282登录成功', '27.30.125.13', 1521509965),
	(155, 'zt888', '登录', 1, 'zt888登录成功', '117.136.53.69', 1521510098),
	(156, 'ht888', '登录', 1, 'ht888登录成功', '116.210.81.242', 1521510098),
	(157, 'hs888', '登录', 1, 'hs888登录成功', '116.210.81.242', 1521510103),
	(158, 'zk888', '登录', 1, 'zk888登录成功', '139.214.254.40', 1521510131),
	(159, 'zl888', '登录', 1, 'zl888登录成功', '61.151.207.252', 1521510147),
	(160, 'yw888', '登录', 1, 'yw888登录成功', '119.103.188.56', 1521510153),
	(161, 'yml888', '登录', 1, 'yml888登录成功', '117.136.53.75', 1521510159),
	(162, '17671399724', '登录', 1, '17671399724登录成功', '27.30.125.13', 1521510184),
	(163, '18571251595', '登录', 1, '18571251595登录成功', '27.30.125.13', 1521510435),
	(164, '13135697405', '登录', 1, '13135697405登录成功', '27.30.125.13', 1521510856),
	(165, 'zt888', '登录', 1, 'zt888登录成功', '123.151.77.70', 1521511004),
	(166, 'aw001', '登录', 1, 'aw001登录成功', '43.246.231.171', 1521511311),
	(167, 'tx2018', '登录', 1, 'tx2018登录成功', '171.82.161.88', 1521512551),
	(168, 'aw108', '登录', 1, 'aw108登录成功', '113.200.106.67', 1521512614),
	(169, 'aw105', '登录', 1, 'aw105登录成功', '106.6.79.131', 1521512744),
	(170, '13235455616', '登录', 0, '13235455616用户登录失败[密码错误]', '27.30.125.13', 1521513296),
	(171, '17771665021', '登录', 1, '17771665021登录成功', '27.30.125.13', 1521513300),
	(172, '13235455616', '登录', 0, '13235455616用户登录失败[密码错误]', '27.30.125.13', 1521513317),
	(173, '13235455616', '登录', 1, '13235455616登录成功', '27.30.125.13', 1521513339),
	(174, '13032792915', '登录', 1, '13032792915登录成功', '27.30.125.13', 1521513359),
	(175, 'suchao1', '登录', 1, 'suchao1登录成功', '106.6.79.131', 1521513430),
	(176, 'tx2018', '登录', 1, 'tx2018登录成功', '116.210.107.227', 1521513816),
	(177, 'xx8888', '登录', 1, 'xx8888登录成功', '116.210.107.227', 1521514304),
	(178, 'cyc8888', '登录', 1, 'cyc8888登录成功', '101.226.225.59', 1521514587),
	(179, 'td8888', '登录', 1, 'td8888登录成功', '116.210.107.227', 1521514594),
	(180, 'tx2018', '登录', 1, 'tx2018登录成功', '116.210.107.227', 1521514606),
	(181, 'cel8888', '登录', 1, 'cel8888登录成功', '116.210.107.227', 1521514664),
	(182, 'xx8888', '登录', 1, 'xx8888登录成功', '116.210.107.227', 1521514715),
	(183, 'yy8888', '登录', 1, 'yy8888登录成功', '117.136.53.59', 1521514727),
	(184, 'sw8888', '登录', 0, 'sw8888用户登录失败[密码错误]', '116.210.107.227', 1521514732),
	(185, 'sw8888', '登录', 1, 'sw8888登录成功', '116.210.107.227', 1521514769),
	(186, 'cyc8888', '登录', 1, 'cyc8888登录成功', '116.210.107.227', 1521514789),
	(187, 'YY8888', '登录', 1, 'YY8888登录成功', '116.210.107.227', 1521514814),
	(188, 'tx2018', '登录', 1, 'tx2018登录成功', '116.210.107.227', 1521514999),
	(189, 'y8888', '登录', 1, 'y8888登录成功', '113.57.246.67', 1521515384),
	(190, 'xiangzong', '登录', 1, 'xiangzong登录成功', '125.126.220.96', 1521515876),
	(191, 'aw001', '登录', 1, 'aw001登录成功', '43.246.231.171', 1521515938),
	(192, 'lubanqihao', '登录', 1, 'lubanqihao登录成功', '43.246.231.171', 1521516042),
	(193, 'luban', '登录', 1, 'luban登录成功', '43.246.231.171', 1521516195),
	(194, '888888', '登录', 1, '888888登录成功', '61.158.149.225', 1521516247),
	(195, '88888888', '登录', 1, '88888888登录成功', '61.158.149.225', 1521516289),
	(196, 'cel8888', '登录', 1, 'cel8888登录成功', '116.210.107.227', 1521516510),
	(197, 'sw8888', '登录', 1, 'sw8888登录成功', '116.210.107.227', 1521516627),
	(198, '15907171431', '登录', 1, '15907171431登录成功', '27.30.127.129', 1521516661),
	(199, 'admin', '登录', 1, 'admin登录成功', '61.158.149.225', 1521516732),
	(200, 'admin', '登录', 1, 'admin登录成功', '113.200.106.67', 1521517277),
	(201, 'aw109', '登录', 1, 'aw109登录成功', '43.246.231.171', 1521517965),
	(202, 'aw109', '登录', 1, 'aw109登录成功', '43.246.231.171', 1521517982),
	(203, 'aw109', '登录', 1, 'aw109登录成功', '43.246.231.171', 1521518058),
	(204, 'yy8888', '登录', 0, 'yy8888用户登录失败[密码错误]', '116.210.107.227', 1521520817),
	(205, 'yy8888', '登录', 1, 'yy8888登录成功', '116.210.107.227', 1521520834),
	(206, 'aw002', '登录', 1, 'aw002登录成功', '113.57.182.102', 1521523004),
	(207, 'zb2018', '登录', 1, 'zb2018登录成功', '113.57.182.102', 1521523084),
	(208, 'aw002', '登录', 1, 'aw002登录成功', '113.57.182.102', 1521523155),
	(209, 'yml888', '登录', 1, 'yml888登录成功', '117.136.53.75', 1521523494),
	(210, 'cel8888', '登录', 1, 'cel8888登录成功', '116.210.107.227', 1521523815),
	(211, 'xy2018', '登录', 1, 'xy2018登录成功', '58.52.209.17', 1521525088),
	(212, 'yy8888', '登录', 1, 'yy8888登录成功', '116.210.107.227', 1521525307),
	(213, 'xx8888', '登录', 1, 'xx8888登录成功', '116.210.107.227', 1521525934),
	(214, 'admin', '登录', 0, 'admin用户登录失败[密码错误]', '1.80.139.50', 1521525946),
	(215, 'cel8888', '登录', 1, 'cel8888登录成功', '116.210.107.227', 1521526033),
	(216, 'admin', '登录', 0, 'admin用户登录失败[密码错误]', '61.158.149.82', 1521526724),
	(217, 'admin', '登录', 1, 'admin登录成功', '61.158.149.82', 1521526736),
	(218, '888888', '登录', 1, '888888登录成功', '61.158.149.82', 1521526772),
	(219, 'xy2018', '登录', 1, 'xy2018登录成功', '58.52.209.17', 1521526992),
	(220, 'admin', '登录', 1, 'admin登录成功', '1.80.139.50', 1521527286),
	(221, 'admin', '登录', 1, 'admin登录成功', '61.148.245.23', 1521527318),
	(222, 'aw105', '登录', 1, 'aw105登录成功', '106.6.79.131', 1521527324),
	(223, 'linyuhang', '登录', 1, 'linyuhang登录成功', '106.6.79.131', 1521527433),
	(224, 'hzy888', '登录', 1, 'hzy888登录成功', '58.52.209.17', 1521527565),
	(225, 'xy2018', '登录', 1, 'xy2018登录成功', '58.52.209.17', 1521527646),
	(226, 'wuqiang', '登录', 0, 'wuqiang用户登录失败[密码错误]', '182.98.36.97', 1521527670),
	(227, 'chenhongyi', '登录', 0, 'chenhongyi用户登录失败[密码错误]', '182.98.36.97', 1521527679),
	(228, 'chenhongyi', '登录', 1, 'chenhongyi登录成功', '182.98.36.97', 1521527687),
	(229, 'hzy888', '登录', 1, 'hzy888登录成功', '58.52.209.17', 1521527690),
	(230, 'wuqiang', '登录', 0, 'wuqiang用户登录失败[密码错误]', '182.98.36.97', 1521527696),
	(231, 'wuqiang', '登录', 1, 'wuqiang登录成功', '182.98.36.97', 1521527708),
	(232, 'suchao1', '登录', 1, 'suchao1登录成功', '106.6.79.131', 1521527791),
	(233, 'HZY888', '登录', 1, 'HZY888登录成功', '58.52.209.17', 1521528015),
	(234, 'cel8888', '登录', 1, 'cel8888登录成功', '116.210.107.227', 1521528019),
	(235, 'liaozong', '登录', 1, 'liaozong登录成功', '182.98.36.97', 1521528086),
	(236, 'wangsu', '登录', 0, 'wangsu用户登录失败[密码错误]', '125.126.220.96', 1521528100),
	(237, 'wangsu', '登录', 1, 'wangsu登录成功', '125.126.220.96', 1521528112),
	(238, 'wenaibing', '登录', 1, 'wenaibing登录成功', '182.98.36.97', 1521528132),
	(239, 'wenaibing', '登录', 1, 'wenaibing登录成功', '182.98.36.97', 1521528194),
	(240, 'liaotian', '登录', 1, 'liaotian登录成功', '182.98.36.97', 1521528288),
	(241, 'sw8888', '登录', 1, 'sw8888登录成功', '116.210.107.227', 1521528676),
	(242, 'cyc8888', '登录', 1, 'cyc8888登录成功', '116.210.107.227', 1521528739),
	(243, 'yml888', '登录', 1, 'yml888登录成功', '117.136.53.75', 1521528789),
	(244, 'xx8888', '登录', 1, 'xx8888登录成功', '116.210.107.227', 1521528792),
	(245, 'yy8888', '登录', 1, 'yy8888登录成功', '116.210.107.227', 1521528914),
	(246, 'yml888', '登录', 1, 'yml888登录成功', '116.210.115.159', 1521529295),
	(247, 'td8888', '登录', 1, 'td8888登录成功', '116.210.107.227', 1521531646),
	(248, 'zt888', '登录', 1, 'zt888登录成功', '61.135.157.104', 1521531944),
	(249, 'zl888', '登录', 0, 'zl888用户登录失败[密码错误]', '117.136.81.43', 1521531948),
	(250, 'zl888', '登录', 1, 'zl888登录成功', '117.136.81.43', 1521531972),
	(251, 'xiangzong', '登录', 1, 'xiangzong登录成功', '125.126.220.96', 1521532099),
	(252, 'xiangzong', '登录', 1, 'xiangzong登录成功', '125.126.220.96', 1521532164),
	(253, 'aw109', '登录', 1, 'aw109登录成功', '43.246.231.171', 1521532396),
	(254, 'pjm1686', '登录', 1, 'pjm1686登录成功', '182.111.67.238', 1521532536),
	(255, 'lbqh', '登录', 1, 'lbqh登录成功', '43.246.231.171', 1521532655),
	(256, 'caolun', '登录', 0, 'caolun用户登录失败[密码错误]', '125.126.220.96', 1521532767),
	(257, 'caolun', '登录', 1, 'caolun登录成功', '125.126.220.96', 1521532792),
	(258, 'hl1686', '登录', 1, 'hl1686登录成功', '182.111.67.238', 1521532804),
	(259, 'xiaoluban', '登录', 1, 'xiaoluban登录成功', '43.246.231.171', 1521532841),
	(260, 'caolun', '登录', 1, 'caolun登录成功', '125.126.220.96', 1521532939),
	(261, 'pjm1686', '登录', 1, 'pjm1686登录成功', '182.111.67.238', 1521532961),
	(262, 'aw109', '登录', 1, 'aw109登录成功', '43.246.231.171', 1521533096),
	(263, 'hjw1686', '登录', 1, 'hjw1686登录成功', '182.111.67.238', 1521533246),
	(264, 'pjm1686', '登录', 1, 'pjm1686登录成功', '182.111.67.238', 1521533282),
	(265, 'pjw888', '登录', 1, 'pjw888登录成功', '118.212.205.21', 1521533536),
	(266, 'cel8888', '登录', 1, 'cel8888登录成功', '116.210.107.227', 1521534391),
	(267, 'liaozong', '登录', 1, 'liaozong登录成功', '182.98.36.97', 1521534482),
	(268, 'y8888', '登录', 1, 'y8888登录成功', '113.57.246.67', 1521534659),
	(269, 'yy8888', '登录', 1, 'yy8888登录成功', '116.210.107.227', 1521534671),
	(270, '15907171431', '登录', 1, '15907171431登录成功', '116.210.73.211', 1521537070),
	(271, 'liaozong', '登录', 1, 'liaozong登录成功', '182.98.36.97', 1521537612),
	(272, 'liaotian', '登录', 1, 'liaotian登录成功', '182.98.36.97', 1521537630),
	(273, 'yy8888', '登录', 1, 'yy8888登录成功', '116.210.107.227', 1521537899),
	(274, 'liaozong', '登录', 1, 'liaozong登录成功', '182.98.36.97', 1521538270);
/*!40000 ALTER TABLE `t_admin_log` ENABLE KEYS */;


-- 导出  表 bh_exchange.t_admin_pay_info 结构
CREATE TABLE IF NOT EXISTS `t_admin_pay_info` (
  `id` int(11) NOT NULL AUTO_INCREMENT COMMENT '编号',
  `admin_id` int(11) DEFAULT '0' COMMENT '用户编号',
  `money` float(8,2) DEFAULT '0.00' COMMENT '支付金额',
  `pay_flag` tinyint(4) DEFAULT '0' COMMENT '支付状态，1未支付，2支付成功,3支付失败',
  `pay_time` int(11) DEFAULT '0' COMMENT '支付时间',
  `pay_no` varchar(80) DEFAULT NULL COMMENT '交易订单号（自己的）',
  `pay_type` tinyint(4) DEFAULT '0' COMMENT '1支付宝，2微信，3快捷支付',
  `out_trade_no` varchar(50) DEFAULT NULL COMMENT '上游订单号',
  `remarks` varchar(255) DEFAULT NULL COMMENT '支付备注说明',
  PRIMARY KEY (`id`)
) ENGINE=MyISAM AUTO_INCREMENT=285 DEFAULT CHARSET=utf8 COMMENT='管理员充值表';

-- 正在导出表  bh_exchange.t_admin_pay_info 的数据：0 rows
/*!40000 ALTER TABLE `t_admin_pay_info` DISABLE KEYS */;
/*!40000 ALTER TABLE `t_admin_pay_info` ENABLE KEYS */;


-- 导出  表 bh_exchange.t_admin_pop_info 结构
CREATE TABLE IF NOT EXISTS `t_admin_pop_info` (
  `id` int(11) NOT NULL AUTO_INCREMENT COMMENT '编号',
  `admin_id` int(11) DEFAULT '0' COMMENT '用户编号',
  `pop_money` float(8,2) DEFAULT '0.00' COMMENT '申请提现金额',
  `pop_time` int(11) DEFAULT '0' COMMENT '申请提现时间',
  `pop_flag` tinyint(4) DEFAULT '1' COMMENT '申请状态，1申请，2通过，3驳回',
  `pop_name` varchar(20) DEFAULT NULL COMMENT '银行开户主姓名',
  `pop_code` varchar(100) DEFAULT NULL COMMENT '银行卡卡号',
  `pop_account` varchar(50) DEFAULT NULL COMMENT '银行卡名称，中国银行',
  `pop_phone` varchar(50) DEFAULT NULL COMMENT '银行卡预留手机号',
  `pop_idcard` varchar(50) DEFAULT NULL COMMENT '银行卡预留户主身份证号',
  `pop_paynum` varchar(50) DEFAULT NULL COMMENT '出金订单号(自己的)',
  `pop_remarks` varchar(255) DEFAULT NULL COMMENT '提现备注说明',
  `pop_do` tinyint(4) DEFAULT '0' COMMENT '第三方平台1代付成功，2代付失败',
  `pop_dotime` int(11) DEFAULT '0' COMMENT '代付成功回调时间',
  PRIMARY KEY (`id`)
) ENGINE=MyISAM AUTO_INCREMENT=6 DEFAULT CHARSET=utf8 COMMENT='管理员申请提现表';

-- 正在导出表  bh_exchange.t_admin_pop_info 的数据：0 rows
/*!40000 ALTER TABLE `t_admin_pop_info` DISABLE KEYS */;
/*!40000 ALTER TABLE `t_admin_pop_info` ENABLE KEYS */;


-- 导出  表 bh_exchange.t_expenses_info 结构
CREATE TABLE IF NOT EXISTS `t_expenses_info` (
  `id` bigint(20) NOT NULL AUTO_INCREMENT,
  `manage_id` int(11) NOT NULL DEFAULT '0' COMMENT '管理员id',
  `order_id` int(11) NOT NULL DEFAULT '0' COMMENT '订单id',
  `back_ratio` float(8,2) DEFAULT NULL COMMENT '手续费返佣比例',
  `red_ratio` float(8,2) DEFAULT NULL COMMENT '红利返佣比例',
  `expenses_radio` float(8,2) DEFAULT NULL COMMENT '手续费比例',
  `back_money` float(8,2) DEFAULT NULL COMMENT '手续费返佣金额',
  `red_money` float(8,2) DEFAULT NULL COMMENT '红利返佣金额',
  `add_time` datetime DEFAULT NULL COMMENT '添加时间',
  PRIMARY KEY (`id`)
) ENGINE=MyISAM DEFAULT CHARSET=utf8 COMMENT='返佣记录表';

-- 正在导出表  bh_exchange.t_expenses_info 的数据：0 rows
/*!40000 ALTER TABLE `t_expenses_info` DISABLE KEYS */;
/*!40000 ALTER TABLE `t_expenses_info` ENABLE KEYS */;


-- 导出  表 bh_exchange.t_goods 结构
CREATE TABLE IF NOT EXISTS `t_goods` (
  `id` int(11) NOT NULL AUTO_INCREMENT,
  `name` varchar(50) DEFAULT '0' COMMENT '产品名称',
  `data_path` varchar(50) DEFAULT '0' COMMENT '数据路径',
  PRIMARY KEY (`id`)
) ENGINE=MyISAM DEFAULT CHARSET=utf8 COMMENT='产品表';

-- 正在导出表  bh_exchange.t_goods 的数据：0 rows
/*!40000 ALTER TABLE `t_goods` DISABLE KEYS */;
/*!40000 ALTER TABLE `t_goods` ENABLE KEYS */;


-- 导出  表 bh_exchange.t_order_info 结构
CREATE TABLE IF NOT EXISTS `t_order_info` (
  `id` int(11) NOT NULL AUTO_INCREMENT COMMENT '编号',
  `user_id` int(11) DEFAULT '0' COMMENT '用户id',
  `goods_id` int(11) DEFAULT '0' COMMENT '商品id',
  `buy_price` float(8,4) DEFAULT '0.0000' COMMENT '买入价格',
  `deal_price` float(8,4) DEFAULT '0.0000' COMMENT '成交价格',
  `buy_type` tinyint(4) DEFAULT '0' COMMENT '买涨买跌，1买涨，2买跌',
  `buy_add_time` int(11) DEFAULT '0' COMMENT '购买时间',
  `buy_end_time` int(11) DEFAULT '0' COMMENT '到期时间',
  `buy_money` float(8,2) DEFAULT '0.00' COMMENT '购买金额',
  `buy_real_money` float(8,2) DEFAULT '0.00' COMMENT '真实购买金额，扣除手续费后的',
  `buy_gain` float(8,2) DEFAULT '0.00' COMMENT '盈利情况(实际盈亏金额)',
  `over_flag` tinyint(4) DEFAULT '0' COMMENT '结算标志，0未结算，1结算',
  `charge_money` float(8,2) DEFAULT '0.00' COMMENT '手续费',
  PRIMARY KEY (`id`)
) ENGINE=MyISAM AUTO_INCREMENT=39 DEFAULT CHARSET=utf8 COMMENT='水乐园订单情况';

-- 正在导出表  bh_exchange.t_order_info 的数据：23 rows
/*!40000 ALTER TABLE `t_order_info` DISABLE KEYS */;
INSERT INTO `t_order_info` (`id`, `user_id`, `goods_id`, `buy_price`, `deal_price`, `buy_type`, `buy_add_time`, `buy_end_time`, `buy_money`, `buy_real_money`, `buy_gain`, `over_flag`, `charge_money`) VALUES
	(30, 27, 7, 0.8766, 0.8766, 2, 1521469667, 1521469697, 50.00, 45.00, 45.00, 1, 0.00),
	(29, 27, 7, 0.8768, 0.8768, 2, 1521469665, 1521469695, 50.00, 45.00, 45.00, 1, 0.00),
	(28, 27, 7, 0.8767, 0.8767, 2, 1521469624, 1521469654, 50.00, 45.00, 45.00, 1, 0.00),
	(27, 27, 5, 1.2305, 1.2305, 2, 1521469563, 1521469593, 10.00, 9.00, 9.00, 1, 0.00),
	(26, 27, 5, 1.2308, 1.2308, 2, 1521469560, 1521469590, 10.00, 9.00, 9.00, 1, 0.00),
	(25, 27, 5, 1.2311, 1.2311, 2, 1521469555, 1521469585, 10.00, 9.00, 9.00, 1, 0.00),
	(24, 27, 5, 1.2308, 1.2308, 2, 1521469551, 1521469581, 10.00, 9.00, 9.00, 1, 0.00),
	(23, 27, 5, 1.2309, 1.2309, 2, 1521469512, 1521469542, 10.00, 9.00, 9.00, 1, 0.00),
	(22, 27, 5, 1.2306, 1.2306, 2, 1521469507, 1521469537, 10.00, 9.00, 9.00, 1, 0.00),
	(21, 27, 6, 100.0000, 100.0000, 2, 1521469416, 1521469446, 100.00, 90.00, -90.00, 1, 0.00),
	(20, 27, 7, 0.8766, 0.8766, 2, 1521469358, 1521469388, 50.00, 45.00, 45.00, 1, 0.00),
	(19, 27, 6, 100.0000, 100.0000, 2, 1521469108, 1521469138, 100.00, 90.00, 0.00, 1, 0.00),
	(18, 27, 6, 100.0000, 100.0000, 2, 1521469026, 1521469056, 100.00, 90.00, 0.00, 1, 0.00),
	(17, 27, 5, 1.2316, 1.2316, 2, 1521467333, 1521467363, 100.00, 90.00, 90.00, 1, 0.00),
	(16, 27, 7, 0.8761, 0.8761, 2, 1521459436, 1521459466, 100.00, 85.00, 85.00, 1, 0.00),
	(31, 27, 6, 131.1300, 131.1294, 2, 1521527580, 1521527610, 100.00, 100.00, 80.00, 1, 2.00),
	(32, 27, 7, 0.8791, 0.8784, 2, 1521527765, 1521527795, 100.00, 100.00, 80.00, 1, 2.00),
	(33, 27, 5, 1.2342, 1.2349, 2, 1521527880, 1521527910, 100.00, 100.00, -100.00, 1, 2.00),
	(34, 27, 7, 0.8790, 0.8785, 2, 1521528068, 1521528098, 100.00, 100.00, 80.00, 1, 2.00),
	(35, 27, 7, 0.8787, 0.8780, 2, 1521529432, 1521529462, 100.00, 100.00, 80.00, 1, 2.00),
	(36, 27, 6, 131.0400, 131.0399, 2, 1521529513, 1521529573, 100.00, 100.00, 82.00, 1, 2.00),
	(37, 27, 7, 0.8790, 0.8782, 2, 1521529637, 1521529727, 300.00, 300.00, 255.00, 1, 6.00),
	(38, 27, 6, 130.9900, 130.9892, 2, 1521529775, 1521529805, 100.00, 100.00, 80.00, 1, 2.00);
/*!40000 ALTER TABLE `t_order_info` ENABLE KEYS */;


-- 导出  表 bh_exchange.t_order_money_setting 结构
CREATE TABLE IF NOT EXISTS `t_order_money_setting` (
  `id` int(11) NOT NULL AUTO_INCREMENT,
  `money` int(11) DEFAULT '0',
  PRIMARY KEY (`id`)
) ENGINE=MyISAM DEFAULT CHARSET=utf8 COMMENT='下单金额配置';

-- 正在导出表  bh_exchange.t_order_money_setting 的数据：0 rows
/*!40000 ALTER TABLE `t_order_money_setting` DISABLE KEYS */;
/*!40000 ALTER TABLE `t_order_money_setting` ENABLE KEYS */;


-- 导出  表 bh_exchange.t_pay_money_setting 结构
CREATE TABLE IF NOT EXISTS `t_pay_money_setting` (
  `id` int(11) NOT NULL AUTO_INCREMENT,
  `money` int(11) DEFAULT '0' COMMENT '充值金额',
  PRIMARY KEY (`id`)
) ENGINE=MyISAM DEFAULT CHARSET=utf8 COMMENT='用户充值金额配置表';

-- 正在导出表  bh_exchange.t_pay_money_setting 的数据：0 rows
/*!40000 ALTER TABLE `t_pay_money_setting` DISABLE KEYS */;
/*!40000 ALTER TABLE `t_pay_money_setting` ENABLE KEYS */;


-- 导出  表 bh_exchange.t_risk_setting 结构
CREATE TABLE IF NOT EXISTS `t_risk_setting` (
  `id` int(11) NOT NULL AUTO_INCREMENT COMMENT '编号id',
  `pop_start_time` datetime DEFAULT NULL COMMENT '出金开始时间',
  `pop_end_time` datetime DEFAULT NULL COMMENT '出金结束时间',
  `trade_start_time` datetime DEFAULT NULL COMMENT '交易开始时间',
  `trade_end_time` datetime DEFAULT NULL COMMENT '交易结束时间',
  PRIMARY KEY (`id`)
) ENGINE=MyISAM AUTO_INCREMENT=54 DEFAULT CHARSET=utf8 COMMENT='风控配置信息表';

-- 正在导出表  bh_exchange.t_risk_setting 的数据：0 rows
/*!40000 ALTER TABLE `t_risk_setting` DISABLE KEYS */;
/*!40000 ALTER TABLE `t_risk_setting` ENABLE KEYS */;


-- 导出  表 bh_exchange.t_sys_setting 结构
CREATE TABLE IF NOT EXISTS `t_sys_setting` (
  `id` int(11) NOT NULL AUTO_INCREMENT COMMENT '编号id',
  `plat_name` varchar(20) DEFAULT NULL COMMENT '网站名称',
  `log_path` varchar(1000) DEFAULT NULL COMMENT '网站log路径',
  `expenses_radio` float DEFAULT NULL COMMENT '设置手续费比例',
  PRIMARY KEY (`id`)
) ENGINE=MyISAM AUTO_INCREMENT=54 DEFAULT CHARSET=utf8 COMMENT='系统配置信息表';

-- 正在导出表  bh_exchange.t_sys_setting 的数据：30 rows
/*!40000 ALTER TABLE `t_sys_setting` DISABLE KEYS */;
INSERT INTO `t_sys_setting` (`id`, `plat_name`, `log_path`, `expenses_radio`) VALUES
	(1, 'starttime', '7', NULL),
	(2, 'endtime', '6', NULL),
	(6, 'shangjoutmoneymin', '100', NULL),
	(7, 'shangjoutmoneymax', '5000000000', NULL),
	(8, 'shangjinmoneymin', '100', NULL),
	(9, 'shangjinmoneymax', '100000', NULL),
	(3, 'buymoneymin', '100', NULL),
	(4, 'buymoneymax', '50000', NULL),
	(14, 'zonghedeal', '1000', NULL),
	(15, 'zonghechujin', '', NULL),
	(10, 'outmoneymin', '1', NULL),
	(11, 'outmoneymax', '50000', NULL),
	(12, 'inmoneymin', '1', NULL),
	(13, 'inmoneymax', '999999999', NULL),
	(34, 'web_logo', 'http://new.anmo7.cn/./Public/Uploads/2018-03-19/086510a4ca1931e18b30370e914eb108.png', NULL),
	(35, 'SecondName', '积分', NULL),
	(36, 'SecondUnit', '枚', NULL),
	(37, 'DiskNmae', '竞技场', NULL),
	(38, 'coinChange', '2', NULL),
	(39, 'WEB_URL', 'http://new.anmo7.cn/', NULL),
	(40, 'WEB_NAME', '奥维国际', NULL),
	(42, 'BUY_MAX', '30', NULL),
	(46, 'buy_min_money', '100', NULL),
	(47, 'listRows', '15', NULL),
	(48, 'CJTIME', '9-17', NULL),
	(49, 'winloss_time', '1521530010', NULL),
	(50, 'pay_choose', '100|500|1000|2000|5000|10000', NULL),
	(51, 'risk', '1', NULL),
	(52, 'risk_setting', '0-1000:45|1001-5000:45|5001-50000:40', NULL),
	(53, 'charge', '2', NULL);
/*!40000 ALTER TABLE `t_sys_setting` ENABLE KEYS */;


-- 导出  表 bh_exchange.t_user 结构
CREATE TABLE IF NOT EXISTS `t_user` (
  `id` int(11) NOT NULL AUTO_INCREMENT COMMENT '编号',
  `username` varchar(15) DEFAULT NULL COMMENT '用户名（手机号码）',
  `password` varchar(50) DEFAULT NULL COMMENT '登录密码',
  `avatar_path` varchar(255) DEFAULT NULL COMMENT '用户头像（图片路径）',
  `realname` varchar(50) DEFAULT NULL COMMENT '真实姓名',
  `sex` varchar(2) DEFAULT NULL COMMENT '性别，1男，2女',
  `money` double(20,2) DEFAULT '0.00' COMMENT '账户余额',
  `refree_id` int(11) DEFAULT '0' COMMENT '推荐人id，开发人(微圈代理ID)',
  `tradeable` tinyint(4) DEFAULT '1' COMMENT '是否可以交易，1正常，0暂停交易',
  `login_type` tinyint(4) DEFAULT '1' COMMENT '是否可以登录：1，可以登录，2禁止登录',
  `chujin_type` tinyint(4) DEFAULT '0' COMMENT '是否可以出金：1,可出金，2不可出金',
  `last_login_time` int(11) DEFAULT '0' COMMENT '登陆时间',
  `last_login_ip` varchar(50) DEFAULT NULL COMMENT '登陆IP',
  `add_time` int(11) DEFAULT '0' COMMENT '加入时间',
  `autonym` smallint(3) DEFAULT NULL COMMENT '实名认证状态0：未认证1：已认证(预留)',
  `card_shou` varchar(100) DEFAULT NULL COMMENT '手持身份证图片(预留)',
  `card_code` varchar(100) DEFAULT NULL COMMENT '身份证号码(预留)',
  `card_zheng` varchar(100) DEFAULT NULL COMMENT '身份证正面图片(预留)',
  `card_fan` varchar(100) DEFAULT NULL COMMENT '身份证反面图片(预留)',
  PRIMARY KEY (`id`)
) ENGINE=MyISAM AUTO_INCREMENT=82 DEFAULT CHARSET=utf8 COMMENT='用户表';

-- 正在导出表  bh_exchange.t_user 的数据：57 rows
/*!40000 ALTER TABLE `t_user` DISABLE KEYS */;
INSERT INTO `t_user` (`id`, `username`, `password`, `avatar_path`, `realname`, `sex`, `money`, `refree_id`, `tradeable`, `login_type`, `chujin_type`, `last_login_time`, `last_login_ip`, `add_time`, `autonym`, `card_shou`, `card_code`, `card_zheng`, `card_fan`) VALUES
	(53, '17398293765', '0b0acf9cd24371c531a454304ddaca2a', 'http://new.anmo7.cn/./Public/Uploads/2018-03-19/086510a4ca1931e18b30370e914eb108.png', '陈恩亮', '', 0.00, 0, 1, 1, 0, 1521526227, '116.210.107.227', 1521514787, NULL, NULL, NULL, NULL, NULL),
	(52, '13135697405', '670b14728ad9902aecba32e22fa4f6bd', 'http://new.anmo7.cn/./Public/Uploads/2018-03-19/086510a4ca1931e18b30370e914eb108.png', '李峰', '', 0.00, 0, 1, 1, 0, 0, NULL, 1521511436, NULL, NULL, NULL, NULL, NULL),
	(50, '18543741749', '1113ac61ae89dfde1c2bdc7a17033331', 'http://new.anmo7.cn/./Public/Uploads/2018-03-19/086510a4ca1931e18b30370e914eb108.png', '林毅', '', 0.00, 0, 1, 1, 0, 0, NULL, 1521510550, NULL, NULL, NULL, NULL, NULL),
	(51, '15727186471', 'e10adc3949ba59abbe56e057f20f883e', 'http://new.anmo7.cn/./Public/Uploads/2018-03-19/086510a4ca1931e18b30370e914eb108.png', '李勇', '', 0.00, 0, 1, 1, 0, 1521526197, '1.80.139.50', 1521510560, NULL, NULL, NULL, NULL, NULL),
	(48, '13597777041', '499dfaf9cbfde4b93d8f64e19e97cd3a', 'http://new.anmo7.cn/./Public/Uploads/2018-03-19/086510a4ca1931e18b30370e914eb108.png', '假的', '', 0.00, 0, 1, 1, 0, 1521536981, '123.151.77.70', 1521510471, NULL, NULL, NULL, NULL, NULL),
	(49, '18871808028', 'af03a560016e4ae38cbf03285e62d9f1', 'http://new.anmo7.cn/./Public/Uploads/2018-03-19/086510a4ca1931e18b30370e914eb108.png', '李丽', '', 0.00, 0, 1, 1, 0, 0, NULL, 1521510481, NULL, NULL, NULL, NULL, NULL),
	(47, '13451015515', '8bbc6aee6b73186c47cb267371ff6ba5', 'http://new.anmo7.cn/./Public/Uploads/2018-03-19/086510a4ca1931e18b30370e914eb108.png', '黄苏', '', 0.00, 0, 1, 1, 0, 0, NULL, 1521510461, NULL, NULL, NULL, NULL, NULL),
	(44, '17671399724', '613623712f59530041e8dad0dfd6f8dd', 'http://new.anmo7.cn/./Public/Uploads/2018-03-19/086510a4ca1931e18b30370e914eb108.png', '罗丹', '', 0.00, 0, 1, 1, 0, 0, NULL, 1521510054, NULL, NULL, NULL, NULL, NULL),
	(45, '15172938282', '670b14728ad9902aecba32e22fa4f6bd', 'http://new.anmo7.cn/./Public/Uploads/2018-03-19/086510a4ca1931e18b30370e914eb108.png', '李治林', '', 0.00, 0, 1, 1, 0, 0, NULL, 1521510188, NULL, NULL, NULL, NULL, NULL),
	(46, '13317163023', 'e10adc3949ba59abbe56e057f20f883e', 'http://new.anmo7.cn/./Public/Uploads/2018-03-19/086510a4ca1931e18b30370e914eb108.png', '黄大仙', '', 0.00, 0, 1, 1, 0, 0, NULL, 1521510394, NULL, NULL, NULL, NULL, NULL),
	(42, '17371832579', '670b14728ad9902aecba32e22fa4f6bd', 'http://new.anmo7.cn/./Public/Uploads/2018-03-19/086510a4ca1931e18b30370e914eb108.png', '刘骄', '', 0.00, 0, 1, 1, 0, 1521508813, '27.30.125.13', 1521505786, NULL, NULL, NULL, NULL, NULL),
	(43, '18963908925', '670b14728ad9902aecba32e22fa4f6bd', 'http://new.anmo7.cn/./Public/Uploads/2018-03-19/086510a4ca1931e18b30370e914eb108.png', '李德艳', '', 0.00, 0, 1, 1, 0, 0, NULL, 1521510037, NULL, NULL, NULL, NULL, NULL),
	(41, '18620347642', '2a46ceb76ea727c24e793fa4f82aed6a', 'http://new.anmo7.cn/./Public/Uploads/2018-03-19/086510a4ca1931e18b30370e914eb108.png', '盘贤华', '', 0.00, 0, 1, 1, 0, 0, NULL, 1521502215, NULL, NULL, NULL, NULL, NULL),
	(40, '18672040464', '0f3609cde044da9ccf968c991b24cad2', 'http://new.anmo7.cn/./Public/Uploads/2018-03-19/086510a4ca1931e18b30370e914eb108.png', '周夕望', '', 0.00, 0, 1, 1, 0, 0, NULL, 1521474665, NULL, NULL, NULL, NULL, NULL),
	(39, '15907171431', '41bde5a23e6a8c67a65785ca0a41bc98', 'http://new.anmo7.cn/./Public/Uploads/2018-03-19/086510a4ca1931e18b30370e914eb108.png', '孙凡', '', 0.00, 0, 1, 1, 0, 1521536958, '116.210.73.211', 1521474459, NULL, NULL, NULL, NULL, NULL),
	(38, '15027214197', '670b14728ad9902aecba32e22fa4f6bd', 'http://new.anmo7.cn/./Public/Uploads/2018-03-19/086510a4ca1931e18b30370e914eb108.png', '璐璐', '', 0.00, 0, 1, 1, 0, 1521521046, '117.136.53.126', 1521473891, NULL, NULL, NULL, NULL, NULL),
	(36, '15779786707', 'e10adc3949ba59abbe56e057f20f883e', 'http://new.anmo7.cn/./Public/Uploads/2018-03-19/086510a4ca1931e18b30370e914eb108.png', '钟超', '', 0.00, 0, 1, 1, 0, 1521538021, '106.6.79.131', 1521462414, NULL, NULL, NULL, NULL, NULL),
	(37, '15716485601', 'e10adc3949ba59abbe56e057f20f883e', 'http://new.anmo7.cn/./Public/Uploads/2018-03-19/086510a4ca1931e18b30370e914eb108.png', '习近平', '', 0.00, 0, 1, 1, 0, 0, NULL, 1521465380, NULL, NULL, NULL, NULL, NULL),
	(34, '17870166391', 'e10adc3949ba59abbe56e057f20f883e', 'http://new.anmo7.cn/./Public/Uploads/2018-03-19/086510a4ca1931e18b30370e914eb108.png', '大爷', '', 104.00, 0, 1, 1, 0, 1521536138, '106.6.79.131', 1521461168, NULL, NULL, NULL, NULL, NULL),
	(35, '18384663273', 'e02d56f2142085e0d6c72ec2d5b458d4', 'http://new.anmo7.cn/./Public/Uploads/2018-03-19/086510a4ca1931e18b30370e914eb108.png', '你爸爸', '', 0.00, 0, 1, 1, 0, 1521527086, '106.6.79.131', 1521461882, NULL, NULL, NULL, NULL, NULL),
	(32, '15888637088', '09b35a8941bb7b21f6d3f5b01fa5a4a8', 'http://new.anmo7.cn/./Public/Uploads/2018-03-19/086510a4ca1931e18b30370e914eb108.png', '万秋', '', 0.00, 0, 1, 1, 0, 1521533547, '223.167.152.21', 1521460612, NULL, NULL, NULL, NULL, NULL),
	(33, '18079793334', '334930f6237bf19668609cf3673fe3f5', 'http://new.anmo7.cn/./Public/Uploads/2018-03-19/086510a4ca1931e18b30370e914eb108.png', '秦青芝', '', 0.00, 0, 1, 1, 0, 1521507695, '182.98.36.97', 1521461087, NULL, NULL, NULL, NULL, NULL),
	(31, '15970767457', 'eaafad88c69e8636bdea49b03e0b6691', 'http://new.anmo7.cn/./Public/Uploads/2018-03-19/086510a4ca1931e18b30370e914eb108.png', '廖记', '', 0.00, 0, 1, 1, 0, 1521528529, '182.98.36.97', 1521459600, NULL, NULL, NULL, NULL, NULL),
	(30, '18079711726', 'e10adc3949ba59abbe56e057f20f883e', 'http://new.anmo7.cn/./Public/Uploads/2018-03-19/086510a4ca1931e18b30370e914eb108.png', '廖紫薇', '', 0.00, 0, 1, 1, 0, 0, NULL, 1521459584, NULL, NULL, NULL, NULL, NULL),
	(29, '15507975378', 'e10adc3949ba59abbe56e057f20f883e', 'http://new.anmo7.cn/./Public/Uploads/2018-03-19/086510a4ca1931e18b30370e914eb108.png', '肖辉诸', '', 0.00, 0, 1, 1, 0, 1521526859, '49.211.224.103', 1521459501, NULL, NULL, NULL, NULL, NULL),
	(27, '13837126084', 'e10adc3949ba59abbe56e057f20f883e', 'http://new.anmo7.cn/./Public/Uploads/2018-03-19/086510a4ca1931e18b30370e914eb108.png', '德无所谓', '', 727.00, 0, 1, 1, 0, 1521527564, '123.151.77.73', 1521457369, NULL, NULL, NULL, NULL, NULL),
	(26, '15638742345', 'e10adc3949ba59abbe56e057f20f883e', 'http://new.anmo7.cn/./Public/Uploads/2018-03-19/086510a4ca1931e18b30370e914eb108.png', '韦祥', '', 99.00, 0, 1, 1, 0, 1521475189, '123.151.77.121', 1521454672, NULL, NULL, NULL, NULL, NULL),
	(28, '18210278990', '588f2df2c034df3a63174f3394136640', 'http://new.anmo7.cn/./Public/Uploads/2018-03-19/086510a4ca1931e18b30370e914eb108.png', '杨丽红', '', 0.00, 0, 1, 1, 0, 1521510620, '117.136.5.112', 1521458070, NULL, NULL, NULL, NULL, NULL),
	(25, '18591315211', '8c216534a0288144a0c1de4b2b4c6abb', 'http://new.anmo7.cn/./Public/Uploads/2018-03-19/086510a4ca1931e18b30370e914eb108.png', '测试', '', 0.00, 0, 1, 1, 0, 1521531705, '183.69.194.73', 1521454661, NULL, NULL, NULL, NULL, NULL),
	(54, '17771664347', 'e10adc3949ba59abbe56e057f20f883e', 'http://new.anmo7.cn/./Public/Uploads/2018-03-19/086510a4ca1931e18b30370e914eb108.png', '田雕', '', 0.00, 0, 1, 1, 0, 1521514901, '116.210.107.227', 1521514832, NULL, NULL, NULL, NULL, NULL),
	(55, '13403079573', '670b14728ad9902aecba32e22fa4f6bd', 'http://new.anmo7.cn/./Public/Uploads/2018-03-19/086510a4ca1931e18b30370e914eb108.png', 'yy', '', 0.00, 0, 1, 1, 0, 1521531821, '113.57.245.36', 1521514989, NULL, NULL, NULL, NULL, NULL),
	(56, '17683958385', '6d12528d2796cdd668ba55b60366dced', 'http://new.anmo7.cn/./Public/Uploads/2018-03-19/086510a4ca1931e18b30370e914eb108.png', '袁老二', '', 0.00, 0, 1, 1, 0, 0, NULL, 1521515016, NULL, NULL, NULL, NULL, NULL),
	(57, '18694010556', 'e10adc3949ba59abbe56e057f20f883e', 'http://new.anmo7.cn/./Public/Uploads/2018-03-19/086510a4ca1931e18b30370e914eb108.png', '陈晨', '', 0.00, 0, 1, 1, 0, 0, NULL, 1521515045, NULL, NULL, NULL, NULL, NULL),
	(58, '13396190700', 'e10adc3949ba59abbe56e057f20f883e', 'http://new.anmo7.cn/./Public/Uploads/2018-03-19/086510a4ca1931e18b30370e914eb108.png', '田老二', '', 0.00, 0, 1, 1, 0, 1521531596, '171.82.189.150', 1521515086, NULL, NULL, NULL, NULL, NULL),
	(59, '15071862714', 'e10adc3949ba59abbe56e057f20f883e', 'http://new.anmo7.cn/./Public/Uploads/2018-03-19/086510a4ca1931e18b30370e914eb108.png', '沈为', '', 0.00, 0, 1, 1, 0, 0, NULL, 1521515187, NULL, NULL, NULL, NULL, NULL),
	(60, '13217285559', '21218cca77804d2ba1922c33e0151105', 'http://new.anmo7.cn/./Public/Uploads/2018-03-19/086510a4ca1931e18b30370e914eb108.png', '李飞燕', '', 0.00, 0, 1, 1, 0, 1521516184, '113.57.246.67', 1521515228, NULL, NULL, NULL, NULL, NULL),
	(75, '18660597833', '2810875765b1697fb559a808d2c968cd', 'http://new.anmo7.cn/./Public/Uploads/2018-03-19/086510a4ca1931e18b30370e914eb108.png', '陈淑芝', '', 0.00, 0, 1, 1, 0, 0, NULL, 1521530828, NULL, NULL, NULL, NULL, NULL),
	(61, '13648582969', 'e05541353ea411e45f89a0fbb36083e0', 'http://new.anmo7.cn/./Public/Uploads/2018-03-19/086510a4ca1931e18b30370e914eb108.png', '袁哲', '', 0.00, 0, 1, 1, 0, 1521524813, '14.116.133.171', 1521516063, NULL, NULL, NULL, NULL, NULL),
	(62, '15863983859', 'ab1475cff7a48cff8b1912a1caee0b0b', 'http://new.anmo7.cn/./Public/Uploads/2018-03-19/086510a4ca1931e18b30370e914eb108.png', '邵可可', '', 0.00, 0, 1, 1, 0, 0, NULL, 1521516407, NULL, NULL, NULL, NULL, NULL),
	(63, '13576573918', '108a36b651a54d6ec946fbf9b46f7fd9', 'http://new.anmo7.cn/./Public/Uploads/2018-03-19/086510a4ca1931e18b30370e914eb108.png', 'guo', '', 0.00, 0, 1, 1, 0, 0, NULL, 1521516551, NULL, NULL, NULL, NULL, NULL),
	(64, '15069005889', '76831fd3de126691b50db50bc32248f7', 'http://new.anmo7.cn/./Public/Uploads/2018-03-19/086510a4ca1931e18b30370e914eb108.png', '董主田', '', 0.00, 0, 1, 1, 0, 1521522689, '27.221.102.61', 1521517003, NULL, NULL, NULL, NULL, NULL),
	(65, '18107187853', 'b7c340d5b010abcec73da8c6476602a8', 'http://new.anmo7.cn/./Public/Uploads/2018-03-19/086510a4ca1931e18b30370e914eb108.png', '李金松', '', 0.00, 0, 1, 1, 0, 1521521406, '171.82.220.61', 1521517030, NULL, NULL, NULL, NULL, NULL),
	(66, '18371809585', 'fccd3a9d265feba410fedd9da4e95cde', 'http://new.anmo7.cn/./Public/Uploads/2018-03-19/086510a4ca1931e18b30370e914eb108.png', '侯勇', '', 0.00, 0, 1, 1, 0, 0, NULL, 1521517033, NULL, NULL, NULL, NULL, NULL),
	(67, '15327017350', '670b14728ad9902aecba32e22fa4f6bd', 'http://new.anmo7.cn/./Public/Uploads/2018-03-19/086510a4ca1931e18b30370e914eb108.png', '向全凤', '', 0.00, 0, 1, 1, 0, 0, NULL, 1521517078, NULL, NULL, NULL, NULL, NULL),
	(68, '17679151124', '5f4d1c2414f39243e97f6bfaed47d766', 'http://new.anmo7.cn/./Public/Uploads/2018-03-19/086510a4ca1931e18b30370e914eb108.png', '皮佳文', '', 0.00, 0, 1, 1, 0, 0, NULL, 1521523800, NULL, NULL, NULL, NULL, NULL),
	(69, '13872726547', '055bf66071034e683e9ed88ee5eea9a8', 'http://new.anmo7.cn/./Public/Uploads/2018-03-19/086510a4ca1931e18b30370e914eb108.png', '鱼鱼', '', 0.00, 0, 1, 1, 0, 1521528552, '117.136.53.75', 1521525207, NULL, NULL, NULL, NULL, NULL),
	(70, '15163492731', '659568dd2ea030ee0836bd92154cac15', 'http://new.anmo7.cn/./Public/Uploads/2018-03-19/086510a4ca1931e18b30370e914eb108.png', '邱坤', '', 0.00, 0, 1, 1, 0, 1521529545, '61.129.6.147', 1521527026, NULL, NULL, NULL, NULL, NULL),
	(71, '13597782517', 'e10adc3949ba59abbe56e057f20f883e', 'http://new.anmo7.cn/./Public/Uploads/2018-03-19/086510a4ca1931e18b30370e914eb108.png', '元老师', '', 0.00, 0, 1, 1, 0, 0, NULL, 1521527970, NULL, NULL, NULL, NULL, NULL),
	(72, '18370861181', 'e10adc3949ba59abbe56e057f20f883e', 'http://new.anmo7.cn/./Public/Uploads/2018-03-19/086510a4ca1931e18b30370e914eb108.png', '爱斌', '', 0.00, 0, 1, 1, 0, 0, NULL, 1521528040, NULL, NULL, NULL, NULL, NULL),
	(73, '13928388509', 'a9a19e3742fe4d879d8d062830d3df37', 'http://new.anmo7.cn/./Public/Uploads/2018-03-19/086510a4ca1931e18b30370e914eb108.png', '彭华峰', '', 0.00, 0, 1, 1, 0, 0, NULL, 1521528804, NULL, NULL, NULL, NULL, NULL),
	(74, '13378122299', 'b4449d77f5ef76d112a19ceb631ccec8', 'http://new.anmo7.cn/./Public/Uploads/2018-03-19/086510a4ca1931e18b30370e914eb108.png', '何国琼', '', 0.00, 0, 1, 1, 0, 1521529401, '171.209.99.31', 1521529069, NULL, NULL, NULL, NULL, NULL),
	(76, '18003152129', 'ad61b80c5be8474379ddd74deddc01f9', 'http://new.anmo7.cn/./Public/Uploads/2018-03-19/086510a4ca1931e18b30370e914eb108.png', '刘纪东', '', 0.00, 0, 1, 1, 0, 1521533406, '36.98.221.145', 1521530908, NULL, NULL, NULL, NULL, NULL),
	(77, '13673252833', 'bbe2736da69223b3b5846864e237c36c', 'http://new.anmo7.cn/./Public/Uploads/2018-03-19/086510a4ca1931e18b30370e914eb108.png', '王安锁', '', 0.00, 0, 1, 1, 0, 0, NULL, 1521531303, NULL, NULL, NULL, NULL, NULL),
	(78, '18322923644', 'e10adc3949ba59abbe56e057f20f883e', 'http://new.anmo7.cn/./Public/Uploads/2018-03-19/086510a4ca1931e18b30370e914eb108.png', '小林子', '', 0.00, 0, 1, 1, 0, 0, NULL, 1521532872, NULL, NULL, NULL, NULL, NULL),
	(79, '15867030009', 'e10adc3949ba59abbe56e057f20f883e', 'http://new.anmo7.cn/./Public/Uploads/2018-03-19/086510a4ca1931e18b30370e914eb108.png', '曹伦', '', 0.00, 0, 1, 1, 0, 0, NULL, 1521533157, NULL, NULL, NULL, NULL, NULL),
	(80, '18345122941', '71b3b26aaa319e0cdf6fdb8429c112b0', 'http://new.anmo7.cn/./Public/Uploads/2018-03-19/086510a4ca1931e18b30370e914eb108.png', '陈成奎', '', 0.00, 0, 1, 1, 0, 1521536385, '123.151.76.158', 1521536240, NULL, NULL, NULL, NULL, NULL),
	(81, '13758684518', '4297f44b13955235245b2497399d7a93', 'http://new.anmo7.cn/./Public/Uploads/2018-03-19/086510a4ca1931e18b30370e914eb108.png', '孙海波', '', 0.00, 0, 1, 1, 0, 1521536667, '223.167.152.21', 1521536634, NULL, NULL, NULL, NULL, NULL);
/*!40000 ALTER TABLE `t_user` ENABLE KEYS */;


-- 导出  表 bh_exchange.t_user_bank 结构
CREATE TABLE IF NOT EXISTS `t_user_bank` (
  `bank_id` int(11) NOT NULL AUTO_INCREMENT COMMENT '编号',
  `user_id` int(11) DEFAULT '0' COMMENT '用户id',
  `account_no` varchar(50) DEFAULT NULL COMMENT '银行卡卡号',
  `account_name` varchar(50) DEFAULT NULL COMMENT '银行卡户主姓名',
  `bank_name` varchar(50) DEFAULT NULL COMMENT '银行名称',
  `bank_phone` varchar(15) DEFAULT NULL COMMENT '银行卡预留手机号',
  `bank_idcard` varchar(30) DEFAULT NULL COMMENT '银行卡预留身份证号',
  `bank_flag` tinyint(4) DEFAULT '1' COMMENT '是否默认，1非默认，2默认',
  PRIMARY KEY (`bank_id`)
) ENGINE=MyISAM AUTO_INCREMENT=11 DEFAULT CHARSET=utf8 COMMENT='用户绑定银行卡表';

-- 正在导出表  bh_exchange.t_user_bank 的数据：8 rows
/*!40000 ALTER TABLE `t_user_bank` DISABLE KEYS */;
INSERT INTO `t_user_bank` (`bank_id`, `user_id`, `account_no`, `account_name`, `bank_name`, `bank_phone`, `bank_idcard`, `bank_flag`) VALUES
	(3, 8, '6214831293032196', '张乐', '招商银行', '13193312605', '612401199005201376', 1),
	(4, 29, '6214837970840173', '肖祖庭', '招商银行', '15507975378', '360721199202261237', 1),
	(5, 53, '6216617003003922080', '陈恩亮', '中国银行', '18694028668', '422822198709053010', 1),
	(6, 61, '6228481198651237571', '袁哲', '农业银行', '13648582969', '522427196612017018', 1),
	(7, 58, '6212261817003048259', '田鑫', '工商银行', '13396190700', '422801199503160016', 1),
	(8, 70, '6228482342099687513', '邱坤', '农业银行', '15163492731', '372828196101180016', 1),
	(9, 74, '6212264402038937789', '何国琼', '工商银行', '13378122299', '510102196403300020', 1),
	(10, 76, '6212260403007466424', '刘纪东', '工商银行', '13932559499', '130229197907040233', 1);
/*!40000 ALTER TABLE `t_user_bank` ENABLE KEYS */;


-- 导出  表 bh_exchange.t_user_pay_info 结构
CREATE TABLE IF NOT EXISTS `t_user_pay_info` (
  `id` int(11) NOT NULL AUTO_INCREMENT COMMENT '编号',
  `user_id` int(11) DEFAULT '0' COMMENT '用户编号',
  `money` float(8,2) DEFAULT '0.00' COMMENT '支付金额',
  `pay_flag` tinyint(4) DEFAULT '0' COMMENT '支付状态，1未支付，2支付成功,3支付失败',
  `pay_time` int(11) DEFAULT '0' COMMENT '支付时间',
  `pay_no` varchar(80) DEFAULT NULL COMMENT '交易订单号（自己的）',
  `pay_type` tinyint(4) DEFAULT '0' COMMENT '1支付宝，2微信，3快捷支付',
  `out_trade_no` varchar(50) DEFAULT NULL COMMENT '上游订单号',
  `remarks` varchar(255) DEFAULT NULL COMMENT '支付备注说明',
  PRIMARY KEY (`id`)
) ENGINE=MyISAM AUTO_INCREMENT=285 DEFAULT CHARSET=utf8 COMMENT='用户充值表';

-- 正在导出表  bh_exchange.t_user_pay_info 的数据：284 rows
/*!40000 ALTER TABLE `t_user_pay_info` DISABLE KEYS */;
INSERT INTO `t_user_pay_info` (`id`, `user_id`, `money`, `pay_flag`, `pay_time`, `pay_no`, `pay_type`, `out_trade_no`, `remarks`) VALUES
	(1, 1, 10.00, 1, 1508151720, '20171016203011942', 3, NULL, '微信二维码支付充值10.00元'),
	(2, 1, 10.00, 1, 1508151754, '20171016545041084', 3, NULL, '微信二维码支付充值10.00元'),
	(3, 1, 10.00, 1, 1508211968, '20171017683561937', 3, NULL, '微信二维码支付充值10.00元'),
	(4, 1, 3000.00, 1, 1508222896, '20171017960237385', 3, NULL, '微信二维码支付充值3000.00元'),
	(5, 1, 10.00, 1, 1508224528, '20171017283698294', 3, NULL, '微信二维码支付充值10.00元'),
	(6, 8, 3000.00, 1, 1508229636, '20171017366354559', 3, NULL, '微信二维码支付充值3000.00元'),
	(7, 1, 1000.00, 1, 1508233175, '20171017758356654', 3, NULL, '微信二维码支付充值1000.00元'),
	(8, 9, 8000.00, 1, 1508301125, '20171018251920942', 3, NULL, '微信二维码支付充值8000.00元'),
	(9, 9, 8000.00, 1, 1508329121, '20171018215974132', 3, NULL, '微信二维码支付充值8000.00元'),
	(10, 9, 9999.00, 1, 1508329146, '20171018469253759', 3, NULL, '微信二维码支付充值9999.00元'),
	(11, 9, 1000.00, 1, 1508329189, '20171018899250943', 3, NULL, '微信二维码支付充值1000.00元'),
	(12, 9, 500.00, 1, 1508329201, '20171018010812712', 3, NULL, '微信二维码支付充值500.00元'),
	(13, 5, 50.00, 1, 1508336755, '20171018550914483', 3, NULL, '微信二维码支付充值50.00元'),
	(14, 1, 9999.00, 1, 1508467247, '20171020474270010', 3, NULL, '微信二维码支付充值9999.00元'),
	(15, 1, 100.00, 1, 1508478240, '20171020403956147', 3, NULL, '微信二维码支付充值100.00元'),
	(16, 1, 9999.00, 1, 1508479220, '20171020200237042', 3, NULL, '微信二维码支付充值9999.00元'),
	(17, 1, 500.00, 1, 1508480269, '20171020696196408', 3, NULL, '微信二维码支付充值500.00元'),
	(18, 27, 500.00, 1, 1508741939, '20171023395074242', 3, NULL, '微信二维码支付充值500.00元'),
	(19, 1, 5000.00, 1, 1508777488, '20171024882948767', 3, NULL, '微信二维码支付充值5000.00元'),
	(20, 32, 100.00, 1, 1508810409, '20171024094278740', 3, NULL, '微信二维码支付充值100.00元'),
	(21, 32, 50.00, 1, 1508811750, '20171024509951977', 3, NULL, '微信二维码支付充值50.00元'),
	(22, 32, 8000.00, 1, 1508811883, '20171024832599756', 5, NULL, 'QQ支付充值8000.00元'),
	(23, 32, 50.00, 1, 1508812345, '20171024451788979', 3, NULL, '微信二维码支付充值50.00元'),
	(24, 32, 50.00, 1, 1508813555, '20171024553273976', 3, NULL, '微信二维码支付充值50.00元'),
	(25, 32, 9999.00, 1, 1508813579, '20171024794991244', 3, NULL, '微信二维码支付充值9999.00元'),
	(26, 32, 50.00, 1, 1508815765, '20171024652507553', 3, NULL, '微信二维码支付充值50.00元'),
	(27, 32, 50.00, 1, 1508815844, '20171024448596248', 3, NULL, '微信二维码支付充值50.00元'),
	(28, 32, 50.00, 1, 1508819766, '20171024667161477', 5, NULL, 'QQ支付充值50.00元'),
	(29, 32, 50.00, 1, 1508819802, '20171024028096661', 5, NULL, 'QQ支付充值50.00元'),
	(30, 32, 50.00, 1, 1508819832, '20171024322000963', 3, NULL, '微信二维码支付充值50.00元'),
	(31, 32, 500.00, 1, 1508827279, '20171024798140354', 3, NULL, '微信二维码支付充值500.00元'),
	(32, 6, 500.00, 1, 1508845892, '20171024926914836', 3, NULL, '微信二维码支付充值500.00元'),
	(33, 29, 5000.00, 1, 1508898692, '20171025922633210', 3, NULL, '微信二维码支付充值5000.00元'),
	(34, 29, 50.00, 1, 1508898741, '20171025411698833', 5, NULL, 'QQ支付充值50.00元'),
	(35, 29, 50.00, 1, 1508898748, '20171025482480575', 3, NULL, '微信二维码支付充值50.00元'),
	(36, 29, 50.00, 1, 1508898748, '20171025487949345', 3, NULL, '微信二维码支付充值50.00元'),
	(37, 29, 50.00, 1, 1508898755, '20171025550762295', 3, NULL, '微信二维码支付充值50.00元'),
	(38, 32, 9999.00, 1, 1508899694, '20171025943322357', 3, NULL, '微信二维码支付充值9999.00元'),
	(39, 32, 50.00, 1, 1508910272, '20171025728387598', 3, NULL, '微信二维码支付充值50.00元'),
	(40, 32, 50.00, 1, 1508910299, '20171025997602881', 5, NULL, 'QQ支付充值50.00元'),
	(41, 32, 1000.00, 1, 1508911641, '20171025410712329', 3, NULL, '微信二维码支付充值1000.00元'),
	(42, 32, 50.00, 1, 1508919239, '20171025391558585', 3, NULL, '微信二维码支付充值50.00元'),
	(43, 29, 50.00, 1, 1509015465, '20171026657897839', 3, NULL, '微信二维码支付充值50.00元'),
	(44, 32, 9999.00, 1, 1509082453, '20171027537126091', 3, NULL, '微信二维码支付充值9999.00元'),
	(45, 29, 500.00, 1, 1509084546, '20171027465876097', 3, NULL, '微信二维码支付充值500.00元'),
	(46, 32, 10.00, 1, 1509102651, '20171027515718371', 3, NULL, '微信二维码支付充值10元'),
	(47, 32, 10.00, 1, 1509102660, '20171027604154620', 5, NULL, 'QQ支付充值10元'),
	(48, 9, 8000.00, 1, 1509118093, '20171027933668126', 3, NULL, '微信二维码支付充值8000.00元'),
	(49, 29, 1000.00, 1, 1509338882, '20171030823482952', 3, NULL, '微信二维码支付充值1000.00元'),
	(50, 29, 50.00, 1, 1509363434, '20171030340671467', 3, NULL, '微信二维码支付充值50.00元'),
	(51, 29, 50.00, 1, 1509363435, '20171030350983921', 3, NULL, '微信二维码支付充值50.00元'),
	(52, 29, 50.00, 1, 1509366560, '20171030606600474', 3, NULL, '微信二维码支付充值50.00元'),
	(53, 32, 50.00, 1, 1509429036, '20171031364930330', 3, NULL, '微信二维码支付充值50.00元'),
	(54, 29, 100.00, 1, 1509434600, '20171031007369980', 5, NULL, 'QQ支付充值100.00元'),
	(55, 29, 8000.00, 1, 1509437371, '20171031712377552', 3, NULL, '微信二维码支付充值8000.00元'),
	(56, 29, 50.00, 1, 1509446087, '20171031871469379', 3, NULL, '微信二维码支付充值50.00元'),
	(57, 29, 100.00, 1, 1509500032, '20171101322926407', 3, NULL, '微信二维码支付充值100.00元'),
	(58, 29, 100.00, 1, 1509500033, '20171101337926680', 3, NULL, '微信二维码支付充值100.00元'),
	(59, 29, 100.00, 1, 1509500034, '20171101347145555', 3, NULL, '微信二维码支付充值100.00元'),
	(60, 29, 500.00, 1, 1509601186, '20171102861424949', 3, NULL, '微信二维码支付充值500.00元'),
	(61, 29, 50.00, 1, 1509601195, '20171102953769379', 5, NULL, 'QQ支付充值50.00元'),
	(62, 29, 1000.00, 1, 1509601955, '20171102557850791', 3, NULL, '微信二维码支付充值1000.00元'),
	(63, 29, 100.00, 1, 1509629522, '20171102225950662', 3, NULL, '微信二维码支付充值100.00元'),
	(64, 46, 9999.00, 1, 1509937977, '20171106778569644', 5, NULL, 'QQ支付充值9999.00元'),
	(65, 46, 9999.00, 1, 1509938000, '20171106009663320', 3, NULL, '微信二维码支付充值9999.00元'),
	(66, 29, 5000.00, 1, 1509940711, '20171106118241305', 3, NULL, '微信二维码支付充值5000.00元'),
	(67, 29, 5000.00, 1, 1509940715, '20171106159647825', 5, NULL, 'QQ支付充值5000.00元'),
	(68, 29, 8000.00, 1, 1509946530, '20171106303459978', 3, NULL, '微信二维码支付充值8000.00元'),
	(69, 29, 5000.00, 1, 1509965796, '20171106961540285', 3, NULL, '微信二维码支付充值5000.00元'),
	(70, 29, 5000.00, 1, 1509965797, '20171106970915393', 3, NULL, '微信二维码支付充值5000.00元'),
	(71, 29, 5000.00, 1, 1509965815, '20171106156541559', 5, NULL, 'QQ支付充值5000.00元'),
	(72, 29, 5000.00, 1, 1509965816, '20171106168729054', 5, NULL, 'QQ支付充值5000.00元'),
	(73, 35, 50.00, 1, 1509973266, '20171106662101026', 3, NULL, '微信二维码支付充值50.00元'),
	(74, 29, 9999.00, 1, 1509980240, '20171106405800949', 3, NULL, '微信二维码支付充值9999.00元'),
	(75, 29, 500.00, 1, 1509980247, '20171106475488475', 3, NULL, '微信二维码支付充值500.00元'),
	(76, 29, 500.00, 1, 1509980248, '20171106485019677', 3, NULL, '微信二维码支付充值500.00元'),
	(77, 29, 100.00, 1, 1509980254, '20171106542988423', 3, NULL, '微信二维码支付充值100.00元'),
	(78, 29, 100.00, 1, 1509980258, '20171106586738486', 5, NULL, 'QQ支付充值100.00元'),
	(79, 29, 100.00, 1, 1510018843, '20171107430541709', 3, NULL, '微信二维码支付充值100.00元'),
	(80, 29, 50.00, 1, 1510032440, '20171107405334115', 3, NULL, '微信二维码支付充值50.00元'),
	(81, 46, 8000.00, 1, 1510033247, '20171107474760734', 3, NULL, '微信二维码支付充值8000.00元'),
	(82, 29, 10000.00, 1, 1510047543, '20171107437648705', 3, NULL, '微信二维码支付充值10000元'),
	(83, 58, 50.00, 1, 1510050355, '20171107551266142', 5, NULL, 'QQ支付充值50.00元'),
	(84, 58, 50.00, 1, 1510050358, '20171107580953805', 5, NULL, 'QQ支付充值50.00元'),
	(85, 34, 50.00, 1, 1510060085, '20171107857217369', 3, NULL, '微信二维码支付充值50.00元'),
	(86, 29, 8000.00, 1, 1510114012, '20171108127286805', 3, NULL, '微信二维码支付充值8000.00元'),
	(87, 29, 50.00, 1, 1510115269, '20171108694710974', 3, NULL, '微信二维码支付充值50.00元'),
	(88, 150, 10000.00, 1, 1510122906, '20171108069229271', 3, NULL, '微信二维码支付充值10000元'),
	(89, 153, 9999.00, 1, 1510124239, '20171108391729245', 3, NULL, '微信二维码支付充值9999.00元'),
	(90, 29, 50.00, 1, 1510124365, '20171108651885491', 3, NULL, '微信二维码支付充值50.00元'),
	(91, 153, 9999.00, 1, 1510124663, '20171108638447968', 3, NULL, '微信二维码支付充值9999.00元'),
	(92, 162, 50.00, 1, 1510129924, '20171108245746901', 3, NULL, '微信二维码支付充值50.00元'),
	(93, 29, 8000.00, 1, 1510140277, '20171108770325473', 3, NULL, '微信二维码支付充值8000.00元'),
	(94, 29, 50.00, 1, 1510142339, '20171108395974618', 3, NULL, '微信二维码支付充值50.00元'),
	(95, 12, 51.79, 1, 1517381519, '20180131192158379', 9, NULL, '零点微信二维码支付充值51.79元'),
	(96, 12, 48.92, 1, 1517381910, '20180131106814435', 10, NULL, '零点快捷支付充值48.92元'),
	(97, 12, 52.00, 1, 1517381958, '20180131587678549', 10, NULL, '零点快捷支付充值52.00元'),
	(98, 12, 50.59, 1, 1517382065, '20180131651944677', 10, NULL, '零点快捷支付充值50.59元'),
	(99, 12, 50.59, 1, 1517382140, '20180131403981331', 10, NULL, '零点快捷支付充值50.59元'),
	(100, 12, 50.81, 1, 1517383350, '20180131506219382', 10, NULL, '零点快捷支付充值50.81元'),
	(101, 12, 49.98, 1, 1517383380, '20180131806471909', 10, NULL, '零点快捷支付充值49.98元'),
	(102, 12, 50.59, 1, 1517384430, '20180131306201063', 10, NULL, '零点快捷支付充值50.59元'),
	(103, 12, 51.46, 1, 1517385114, '20180131145428436', 10, NULL, '零点快捷支付充值51.46元'),
	(104, 12, 49.84, 1, 1517385355, '20180131559977201', 10, NULL, '零点快捷支付充值49.84元'),
	(105, 12, 48.21, 1, 1517385627, '20180131276496713', 10, NULL, '零点快捷支付充值48.21元'),
	(106, 12, 50.73, 1, 1518080195, '20180208957867311', 11, NULL, '零点支付宝支付充值50.73元'),
	(107, 12, 48.86, 1, 1518080298, '20180208984420512', 11, NULL, '零点支付宝支付充值48.86元'),
	(108, 12, 48.86, 1, 1518080316, '20180208165704990', 9, NULL, '零点微信二维码支付充值48.86元'),
	(109, 12, 48.86, 1, 1518080321, '20180208214659555', 11, NULL, '零点支付宝支付充值48.86元'),
	(110, 12, 48.11, 1, 1518080345, '20180208458391032', 11, NULL, '零点支付宝支付充值48.11元'),
	(111, 12, 48.01, 1, 1518080456, '20180208566446973', 12, NULL, '零点QQ支付充值48.01元'),
	(112, 12, 48.01, 1, 1518080496, '20180208961552429', 12, NULL, '零点QQ支付充值48.01元'),
	(113, 12, 48.20, 1, 1518080504, '20180208046805441', 12, NULL, '零点QQ支付充值48.20元'),
	(114, 13, 9999.00, 1, 1521100908, '20180315082179294', 0, NULL, 'Array充值0009999元'),
	(115, 13, 1000.00, 1, 1521100916, '20180315161135276', 0, NULL, 'Array充值1000元'),
	(116, 13, 888.00, 1, 1521101059, '20180315593782748', 0, NULL, 'Array充值888元'),
	(117, 13, 900.00, 1, 1521101128, '20180315282655410', 0, NULL, 'Array充值900元'),
	(118, 13, 900.00, 1, 1521101184, '20180315849956283', 0, NULL, 'Array充值900元'),
	(119, 13, 900.00, 1, 1521101342, '20180315427338389', 0, NULL, 'Array充值900元'),
	(120, 13, 100.00, 1, 1521101356, '20180315563035330', 0, NULL, 'Array充值100元'),
	(121, 13, 100.00, 1, 1521101407, '20180315070259094', 0, NULL, 'Array充值100元'),
	(122, 13, 100.00, 1, 1521101415, '20180315157591875', 0, NULL, 'Array充值100元'),
	(123, 8, 123.00, 1, 1521102045, '20180315454252413', 1, NULL, '微信支付充值123元'),
	(124, 8, 123.00, 1, 1521102091, '20180315915314767', 1, NULL, '微信支付充值123元'),
	(125, 8, 123.00, 1, 1521102115, '20180315153135164', 1, NULL, '微信支付充值123元'),
	(126, 8, 123.00, 1, 1521102152, '20180315525538635', 1, NULL, '微信支付充值123元'),
	(127, 8, 123.00, 1, 1521102162, '20180315628816674', 2, NULL, '支付宝支付充值123元'),
	(128, 8, 123.00, 1, 1521102206, '20180315068319152', 1, NULL, '微信支付充值123元'),
	(129, 8, 1123.00, 1, 1521102429, '20180315298860679', 1, NULL, '微信支付充值1123元'),
	(130, 8, 123.00, 1, 1521102442, '20180315426237012', 1, NULL, '微信支付充值123元'),
	(131, 8, 123.00, 1, 1521102461, '20180315614082816', 1, NULL, '微信支付充值123元'),
	(132, 8, 123.00, 1, 1521102470, '20180315705432555', 1, NULL, '微信支付充值123元'),
	(133, 8, 123.00, 1, 1521102533, '20180315331438186', 1, NULL, '微信支付充值123元'),
	(134, 8, 1345.00, 1, 1521106714, '20180315146003195', 1, NULL, '微信支付充值1345元'),
	(135, 1, 10000.00, 1, 1521295112, '20180317126713263', 1, NULL, '微信支付充值10000元'),
	(136, 1, 2.00, 1, 1521444431, '20180319318891325', 127, NULL, 'QQ支付充值2元'),
	(137, 1, 2.00, 1, 1521444532, '20180319322797574', 0, NULL, 'Array充值2元'),
	(138, 1, 2.00, 1, 1521445034, '20180319346860074', 127, NULL, 'QQ支付充值2元'),
	(139, 1, 2.00, 2, 1521445175, '20180319756547564', 127, NULL, 'QQ支付充值2元'),
	(140, 1, 2.00, 2, 1521445686, '20180319869970963', 127, NULL, 'QQ支付充值2元'),
	(141, 24, 2.00, 1, 1521445828, '20180319283868175', 127, NULL, 'QQ支付充值2元'),
	(142, 26, 2.00, 1, 1521455235, '20180319352435716', 127, NULL, 'QQ支付充值2元'),
	(143, 26, 2.00, 2, 1521455330, '20180319309467027', 127, NULL, 'QQ支付充值2元'),
	(144, 26, 88.00, 1, 1521456031, '20180319314154599', 127, NULL, 'QQ支付充值88元'),
	(145, 26, 98.00, 1, 1521456047, '20180319477748229', 127, NULL, 'QQ支付充值98元'),
	(146, 26, 98.00, 1, 1521456050, '20180319501029586', 127, NULL, 'QQ支付充值98元'),
	(147, 26, 98.00, 1, 1521456106, '20180319068685725', 127, NULL, 'QQ支付充值98元'),
	(148, 26, 98.00, 1, 1521456108, '20180319085560718', 127, NULL, 'QQ支付充值98元'),
	(149, 26, 100.00, 1, 1521456168, '20180319680873268', 127, NULL, 'QQ支付充值100元'),
	(150, 26, 98.00, 1, 1521456177, '20180319776185749', 127, NULL, 'QQ支付充值98元'),
	(151, 26, 101.00, 1, 1521456715, '20180319156342005', 127, NULL, 'QQ支付充值101元'),
	(152, 26, 102.00, 1, 1521456731, '20180319314623208', 127, NULL, 'QQ支付充值102元'),
	(153, 27, 100.00, 1, 1521457390, '20180319909623276', 127, NULL, 'QQ支付充值100元'),
	(154, 27, 102.00, 2, 1521457396, '20180319969154577', 127, NULL, 'QQ支付充值102元'),
	(155, 27, 102.00, 1, 1521457397, '20180319975248284', 127, NULL, 'QQ支付充值102元'),
	(156, 30, 10000.00, 1, 1521459662, '20180319627341845', 127, NULL, 'QQ支付充值10000元'),
	(157, 30, 5000.00, 1, 1521459675, '20180319756091046', 127, NULL, 'QQ支付充值5000元'),
	(158, 30, 4999.00, 1, 1521459683, '20180319839840542', 127, NULL, 'QQ支付充值4999元'),
	(159, 31, 100.00, 1, 1521459718, '20180319186244564', 127, NULL, 'QQ支付充值100元'),
	(160, 31, 101.00, 1, 1521459729, '20180319290462632', 127, NULL, 'QQ支付充值101元'),
	(161, 29, 100.00, 1, 1521459745, '20180319456086549', 127, NULL, 'QQ支付充值100元'),
	(162, 29, 9800.00, 1, 1521459772, '20180319727491045', 127, NULL, 'QQ支付充值9800元'),
	(163, 29, 4980.00, 1, 1521459782, '20180319824365406', 127, NULL, 'QQ支付充值4980元'),
	(164, 29, 3000.00, 1, 1521459790, '20180319904989972', 127, NULL, 'QQ支付充值3000元'),
	(165, 29, 2980.00, 1, 1521459809, '20180319097332480', 127, NULL, 'QQ支付充值2980元'),
	(166, 30, 9999.00, 1, 1521459825, '20180319251550229', 0, NULL, 'Array充值9999元'),
	(167, 30, 4999.00, 1, 1521459835, '20180319350768312', 0, NULL, 'Array充值4999元'),
	(168, 30, 4999.00, 1, 1521459841, '20180319415142969', 127, NULL, 'QQ支付充值4999元'),
	(169, 29, 2980.00, 1, 1521459845, '20180319457798931', 127, NULL, 'QQ支付充值2980元'),
	(170, 30, 2000.00, 1, 1521459849, '20180319498579947', 127, NULL, 'QQ支付充值 2000元'),
	(171, 30, 2999.00, 1, 1521459862, '20180319628422880', 127, NULL, 'QQ支付充值 2999元'),
	(172, 30, 158.00, 1, 1521459904, '20180319040295175', 127, NULL, 'QQ支付充值158元'),
	(173, 34, 100.00, 1, 1521461576, '20180319766438193', 0, NULL, 'Array充值100元'),
	(174, 34, 100.00, 1, 1521461577, '20180319776281804', 0, NULL, 'Array充值100元'),
	(175, 34, 100.10, 1, 1521461582, '20180319826437739', 0, NULL, 'Array充值100.1元'),
	(176, 32, 100.00, 1, 1521461768, '20180319681582110', 127, NULL, 'QQ支付充值100元'),
	(177, 32, 101.00, 1, 1521461783, '20180319832674951', 127, NULL, 'QQ支付充值101元'),
	(178, 35, 100.00, 1, 1521461940, '20180319401414888', 0, NULL, 'Array充值100元'),
	(179, 35, 101.00, 1, 1521461947, '20180319475789350', 0, NULL, 'Array充值101元'),
	(180, 25, 100.00, 1, 1521462166, '20180319666244192', 127, NULL, 'QQ支付充值100元'),
	(181, 25, 101.00, 1, 1521462172, '20180319723275070', 127, NULL, 'QQ支付充值101元'),
	(182, 26, 100.00, 1, 1521463106, '20180319068058930', 127, NULL, 'QQ支付充值100元'),
	(183, 26, 101.00, 1, 1521463116, '20180319164464570', 127, NULL, 'QQ支付充值101元'),
	(184, 26, 101.00, 1, 1521463162, '20180319625399125', 127, NULL, 'QQ支付充值101元'),
	(185, 26, 198.00, 1, 1521463866, '20180319661604180', 127, NULL, 'QQ支付充值198元'),
	(186, 26, 198.00, 1, 1521464315, '20180319158294081', 127, NULL, 'QQ支付充值198元'),
	(187, 26, 198.00, 1, 1521464342, '20180319427511122', 127, NULL, 'QQ支付充值198元'),
	(188, 26, 10.00, 1, 1521464499, '20180319990782385', 127, NULL, 'QQ支付充值10元'),
	(189, 37, 100.00, 1, 1521465393, '20180319936506344', 127, NULL, 'QQ支付充值100元'),
	(190, 37, 101.00, 1, 1521465402, '20180319021818325', 127, NULL, 'QQ支付充值101元'),
	(191, 26, 198.00, 1, 1521466369, '20180319696600197', 127, NULL, 'QQ支付充值198元'),
	(192, 26, 198.00, 1, 1521466376, '20180319762068468', 127, NULL, 'QQ支付充值198元'),
	(193, 26, 198.00, 1, 1521466396, '20180319961442114', 127, NULL, 'QQ支付充值198元'),
	(194, 26, 198.00, 2, 1521466626, '20180319265177423', 127, NULL, 'QQ支付充值198元'),
	(195, 34, 1000.00, 1, 1521512612, '20180320124366157', 0, NULL, 'Array充值1000元'),
	(196, 34, 1000.10, 1, 1521512620, '20180320201709430', 0, NULL, 'Array充值1000.1元'),
	(197, 34, 1000.10, 1, 1521512621, '20180320216865661', 0, NULL, 'Array充值1000.1元'),
	(198, 34, 1000.01, 1, 1521512925, '20180320257627392', 0, NULL, 'Array充值1000.01元'),
	(199, 36, 200.00, 1, 1521513029, '20180320299964442', 127, NULL, 'QQ支付充值200元'),
	(200, 36, 215.00, 1, 1521513038, '20180320389026497', 127, NULL, 'QQ支付充值215元'),
	(201, 34, 428.00, 1, 1521513126, '20180320269802071', 0, NULL, 'Array充值428元'),
	(202, 34, 308.00, 1, 1521513193, '20180320932610212', 0, NULL, 'Array充值308元'),
	(203, 34, 308.00, 1, 1521513194, '20180320940266434', 0, NULL, 'Array充值308元'),
	(204, 34, 1000.08, 1, 1521513268, '20180320686667996', 0, NULL, 'Array充值1000.08元'),
	(205, 36, 5000.00, 1, 1521513283, '20180320838698222', 127, NULL, 'QQ支付充值5000元'),
	(206, 36, 5000.00, 1, 1521513286, '20180320863854301', 127, NULL, 'QQ支付充值5000元'),
	(207, 36, 4999.00, 1, 1521513296, '20180320960416181', 127, NULL, 'QQ支付充值4999元'),
	(208, 34, 111.70, 1, 1521513379, '20180320790098300', 0, NULL, 'Array充值111.7元'),
	(209, 34, 110.00, 1, 1521513621, '20180320212426636', 0, NULL, 'Array充值110元'),
	(210, 34, 110.00, 1, 1521513661, '20180320610236559', 127, NULL, 'QQ支付充值110元'),
	(211, 34, 110.00, 1, 1521513662, '20180320627736499', 127, NULL, 'QQ支付充值110元'),
	(212, 34, 111.20, 1, 1521513781, '20180320814291368', 127, NULL, 'QQ支付充值111.2元'),
	(213, 34, 111.20, 1, 1521513782, '20180320828197518', 127, NULL, 'QQ支付充值111.2元'),
	(214, 53, 1000.00, 1, 1521514906, '20180320062031852', 127, NULL, 'QQ支付充值1000元'),
	(215, 53, 100.00, 1, 1521514913, '20180320132656477', 127, NULL, 'QQ支付充值100元'),
	(216, 53, 1001.00, 1, 1521514921, '20180320219374645', 127, NULL, 'QQ支付充值1001元'),
	(217, 55, 10000.00, 1, 1521515247, '20180320476385015', 127, NULL, 'QQ支付充值10000元'),
	(218, 55, 1000.00, 1, 1521515266, '20180320662008852', 127, NULL, 'QQ支付充值1000元'),
	(219, 55, 1998.00, 1, 1521515288, '20180320883413663', 127, NULL, 'QQ支付充值1998元'),
	(220, 59, 100.00, 1, 1521515587, '20180320871519504', 127, NULL, 'QQ支付充值100元'),
	(221, 59, 102.00, 1, 1521515602, '20180320022143648', 127, NULL, 'QQ支付充值102元'),
	(222, 56, 10000.00, 1, 1521515629, '20180320298860546', 0, NULL, 'Array充值10000元'),
	(223, 56, 4000.00, 1, 1521515638, '20180320389797496', 0, NULL, 'Array充值4000元'),
	(224, 56, 3000.00, 1, 1521515655, '20180320554640153', 0, NULL, 'Array充值3000元'),
	(225, 56, 2000.00, 1, 1521515663, '20180320631514750', 0, NULL, 'Array充值2000元'),
	(226, 56, 2001.00, 1, 1521515671, '20180320718076636', 0, NULL, 'Array充值2001元'),
	(227, 56, 2001.00, 1, 1521515686, '20180320864169478', 0, NULL, 'Array充值2001元'),
	(228, 55, 5000.00, 1, 1521515720, '20180320202761041', 127, NULL, 'QQ支付充值5000元'),
	(229, 55, 500.00, 1, 1521515731, '20180320314322831', 127, NULL, 'QQ支付充值500元'),
	(230, 55, 597.00, 1, 1521515745, '20180320456353117', 127, NULL, 'QQ支付充值597元'),
	(231, 57, 2001.00, 1, 1521515771, '20180320716351583', 127, NULL, 'QQ支付充值2001元'),
	(232, 53, 50005.00, 1, 1521516672, '20180320722727090', 0, NULL, 'Array充值50005元'),
	(233, 53, 50005.00, 1, 1521516677, '20180320773977737', 127, NULL, 'QQ支付充值50005元'),
	(234, 53, 50005.00, 1, 1521516678, '20180320781634076', 127, NULL, 'QQ支付充值50005元'),
	(235, 53, 4999.00, 1, 1521516686, '20180320869447749', 127, NULL, 'QQ支付充值4999元'),
	(236, 53, 2999.00, 1, 1521516696, '20180320964917678', 127, NULL, 'QQ支付充值2999元'),
	(237, 64, 100.00, 1, 1521517203, '20180320031232556', 127, NULL, 'QQ支付充值100元'),
	(238, 64, 101.00, 1, 1521517217, '20180320176546844', 127, NULL, 'QQ支付充值101元'),
	(239, 55, 2999.00, 1, 1521517345, '20180320451094404', 127, NULL, 'QQ支付充值2999元'),
	(240, 61, 1000.00, 1, 1521518359, '20180320599349379', 0, NULL, 'Array充值1000元'),
	(241, 61, 1320.00, 1, 1521518392, '20180320929509851', 0, NULL, 'Array充值1320元'),
	(242, 61, 13221.00, 1, 1521518451, '20180320519204832', 0, NULL, 'Array充值13221元'),
	(243, 61, 1321.00, 1, 1521518470, '20180320704519721', 0, NULL, 'Array充值1321元'),
	(244, 61, 571.00, 1, 1521518691, '20180320916110512', 0, NULL, 'Array充值571元'),
	(245, 55, 101.00, 1, 1521518950, '20180320505362414', 127, NULL, 'QQ支付充值101元'),
	(246, 58, 100.00, 1, 1521519666, '20180320666391609', 127, NULL, 'QQ支付充值100元'),
	(247, 58, 101.00, 1, 1521519690, '20180320901394602', 127, NULL, 'QQ支付充值101元'),
	(248, 58, 101.00, 1, 1521519754, '20180320542184088', 127, NULL, 'QQ支付充值101元'),
	(249, 58, 101.00, 2, 1521519794, '20180320943126734', 127, NULL, 'QQ支付充值101元'),
	(250, 61, 501.00, 1, 1521520274, '20180320740826161', 0, NULL, 'Array充值501元'),
	(251, 61, 501.00, 1, 1521520460, '20180320606763622', 127, NULL, 'QQ支付充值501元'),
	(252, 61, 501.00, 1, 1521520529, '20180320295201144', 127, NULL, 'QQ支付充值501元'),
	(253, 38, 100000.00, 1, 1521521093, '20180320935201176', 127, NULL, 'QQ支付充值100000元'),
	(254, 38, 5000.00, 1, 1521521101, '20180320016138658', 127, NULL, 'QQ支付充值5000元'),
	(255, 38, 4900.00, 1, 1521521123, '20180320234107424', 127, NULL, 'QQ支付充值4900元'),
	(256, 61, 501.00, 1, 1521521123, '20180320235513600', 127, NULL, 'QQ支付充值501元'),
	(257, 38, 1000.00, 1, 1521521130, '20180320309576117', 127, NULL, 'QQ支付充值1000元'),
	(258, 38, 1000.00, 1, 1521521136, '20180320362857418', 127, NULL, 'QQ支付充值1000元'),
	(259, 38, 1000.00, 1, 1521521160, '20180320602232428', 127, NULL, 'QQ支付充值1000元'),
	(260, 61, 501.00, 1, 1521521233, '20180320330044996', 127, NULL, 'QQ支付充值501元'),
	(261, 38, 500.00, 1, 1521521287, '20180320872544911', 0, NULL, 'Array充值500元'),
	(262, 55, 501.00, 1, 1521521442, '20180320427076159', 127, NULL, 'QQ支付充值501元'),
	(263, 55, 501.00, 1, 1521521686, '20180320869732425', 127, NULL, 'QQ支付充值501元'),
	(264, 64, 102.00, 1, 1521522714, '20180320148326175', 0, NULL, 'Array充值102元'),
	(265, 64, 102.00, 1, 1521522717, '20180320176451146', 127, NULL, 'QQ支付充值102元'),
	(266, 61, 2999.00, 1, 1521524048, '20180320480180981', 127, NULL, 'QQ支付充值2999元'),
	(267, 61, 2999.00, 1, 1521524843, '20180320438723797', 127, NULL, 'QQ支付充值2999元'),
	(268, 36, 1100.00, 1, 1521527036, '20180320369364602', 127, NULL, 'QQ支付充值1100元'),
	(269, 36, 1115.00, 1, 1521527045, '20180320454207866', 127, NULL, 'QQ支付充值1115元'),
	(270, 34, 111.00, 1, 1521527145, '20180320459670174', 0, NULL, 'Array充值111元'),
	(271, 34, 104.00, 2, 1521527276, '20180320763255518', 127, NULL, 'QQ支付充值104元'),
	(272, 71, 10000.00, 1, 1521527983, '20180320833522831', 0, NULL, 'Array充值10000元'),
	(273, 71, 1000.00, 1, 1521527995, '20180320957272089', 0, NULL, 'Array充值1000元'),
	(274, 71, 3000.00, 1, 1521528020, '20180320201332942', 0, NULL, 'Array充值3000元'),
	(275, 71, 3000.00, 1, 1521528043, '20180320436643961', 0, NULL, 'Array充值3000元'),
	(276, 71, 1000.00, 1, 1521528052, '20180320529299626', 0, NULL, 'Array充值1000元'),
	(277, 79, 1000.00, 1, 1521533213, '20180320134492115', 127, NULL, 'QQ支付充值1000元'),
	(278, 79, 1001.00, 1, 1521533223, '20180320238555991', 127, NULL, 'QQ支付充值1001元'),
	(279, 79, 1001.00, 1, 1521533225, '20180320252931196', 127, NULL, 'QQ支付充值1001元'),
	(280, 79, 105.00, 1, 1521533262, '20180320620279644', 127, NULL, 'QQ支付充值105元'),
	(281, 79, 101.00, 1, 1521533289, '20180320896689459', 127, NULL, 'QQ支付充值101元'),
	(282, 32, 108.00, 1, 1521533565, '20180320659693599', 127, NULL, 'QQ支付充值108元'),
	(283, 36, 1150.00, 1, 1521533926, '20180320269895907', 127, NULL, 'QQ支付充值1150元'),
	(284, 32, 109.00, 1, 1521534257, '20180320570406924', 127, NULL, 'QQ支付充值109元');
/*!40000 ALTER TABLE `t_user_pay_info` ENABLE KEYS */;


-- 导出  表 bh_exchange.t_user_pop_info 结构
CREATE TABLE IF NOT EXISTS `t_user_pop_info` (
  `id` int(11) NOT NULL AUTO_INCREMENT COMMENT '编号',
  `user_id` int(11) DEFAULT '0' COMMENT '用户编号',
  `pop_money` float(8,2) DEFAULT '0.00' COMMENT '申请提现金额',
  `pop_time` int(11) DEFAULT '0' COMMENT '申请提现时间',
  `pop_flag` tinyint(4) DEFAULT '1' COMMENT '申请状态，1申请，2通过，3驳回',
  `pop_name` varchar(20) DEFAULT NULL COMMENT '银行开户主姓名',
  `pop_code` varchar(100) DEFAULT NULL COMMENT '银行卡卡号',
  `pop_account` varchar(50) DEFAULT NULL COMMENT '银行卡名称，中国银行',
  `pop_phone` varchar(50) DEFAULT NULL COMMENT '银行卡预留手机号',
  `pop_idcard` varchar(50) DEFAULT NULL COMMENT '银行卡预留户主身份证号',
  `pop_paynum` varchar(50) DEFAULT NULL COMMENT '出金订单号(自己的)',
  `pop_remarks` varchar(255) DEFAULT NULL COMMENT '提现备注说明',
  `pop_do` tinyint(4) DEFAULT '0' COMMENT '第三方平台1代付成功，2代付失败',
  `pop_dotime` int(11) DEFAULT '0' COMMENT '代付成功回调时间',
  PRIMARY KEY (`id`)
) ENGINE=MyISAM AUTO_INCREMENT=6 DEFAULT CHARSET=utf8 COMMENT='用户申请提现表';

-- 正在导出表  bh_exchange.t_user_pop_info 的数据：5 rows
/*!40000 ALTER TABLE `t_user_pop_info` DISABLE KEYS */;
INSERT INTO `t_user_pop_info` (`id`, `user_id`, `pop_money`, `pop_time`, `pop_flag`, `pop_name`, `pop_code`, `pop_account`, `pop_phone`, `pop_idcard`, `pop_paynum`, `pop_remarks`, `pop_do`, `pop_dotime`) VALUES
	(1, 8, 100000.00, 1508764592, 1, '刘显均', '6228480470923524214', '农业银行', '18723641551', '50022919930725181X', '20171023924632221', NULL, 0, 0),
	(2, 8, 123.00, 1521102643, 1, '1', '1', '1', '1', '1', '20180315438095204', NULL, 0, 0),
	(3, 8, 123.00, 1521102695, 1, '1', '1', '1', '1', '1', '20180315952219140', NULL, 0, 0),
	(4, 8, 54.00, 1521102719, 1, '1', '1', '1', '1', '1', '20180315190394625', NULL, 0, 0),
	(5, 58, 101.00, 1521521604, 1, '田鑫', '6212261817003048259', '工商银行', '13396190700', '422801199503160016', '20180320043013688', NULL, 0, 0);
/*!40000 ALTER TABLE `t_user_pop_info` ENABLE KEYS */;
/*!40101 SET SQL_MODE=IFNULL(@OLD_SQL_MODE, '') */;
/*!40014 SET FOREIGN_KEY_CHECKS=IF(@OLD_FOREIGN_KEY_CHECKS IS NULL, 1, @OLD_FOREIGN_KEY_CHECKS) */;
/*!40101 SET CHARACTER_SET_CLIENT=@OLD_CHARACTER_SET_CLIENT */;
